seed_idx,sim_seed,split_seed,method,metric,value
0,20260514,42,B1_uniform,mae,4497.021621621621
0,20260514,42,B1_uniform,mape,50.194416827183595
0,20260514,42,B1_uniform,w20r,28.10810810810811
0,20260514,42,B2_type_only,mae,4839.135135135135
0,20260514,42,B2_type_only,mape,36.23272751172523
0,20260514,42,B2_type_only,w20r,30.270270270270274
0,20260514,42,B3_length,mae,3981.8054054054055
0,20260514,42,B3_length,mape,38.4040499995571
0,20260514,42,B3_length,w20r,34.054054054054056
0,20260514,42,B4_ridge_hand,mae,2288.562162162162
0,20260514,42,B4_ridge_hand,mape,21.681259409301248
0,20260514,42,B4_ridge_hand,w20r,55.67567567567567
0,20260514,42,B5_rf_hand,mae,1891.0702702702702
0,20260514,42,B5_rf_hand,mape,15.945570868963763
0,20260514,42,B5_rf_hand,w20r,73.51351351351352
0,20260514,42,B6_histgb_hand,mae,1876.6702702702703
0,20260514,42,B6_histgb_hand,mape,15.874749872541278
0,20260514,42,B6_histgb_hand,w20r,73.51351351351352
0,20260514,42,B7_ridge_tfidf,mae,1889.945945945946
0,20260514,42,B7_ridge_tfidf,mape,17.25710613067142
0,20260514,42,B7_ridge_tfidf,w20r,64.32432432432432
0,20260514,42,B8_histgb_tfidf,mae,2036.5189189189189
0,20260514,42,B8_histgb_tfidf,mape,17.486300629753703
0,20260514,42,B8_histgb_tfidf,w20r,69.72972972972973
0,20260514,42,TABF_heuristic,mae,2502.508108108108
0,20260514,42,TABF_heuristic,mape,18.17523859023355
0,20260514,42,TABF_heuristic,w20r,65.4054054054054
0,20260514,42,TABF_gbt,mae,1882.254054054054
0,20260514,42,TABF_gbt,mape,15.904079149521488
0,20260514,42,TABF_gbt,w20r,74.05405405405405
1,21260517,139,B1_uniform,mae,4544.497297297297
1,21260517,139,B1_uniform,mape,51.60098931330541
1,21260517,139,B1_uniform,w20r,22.162162162162165
1,21260517,139,B2_type_only,mae,4957.65945945946
1,21260517,139,B2_type_only,mape,38.001980206139066
1,21260517,139,B2_type_only,w20r,27.56756756756757
1,21260517,139,B3_length,mae,3906.2648648648646
1,21260517,139,B3_length,mape,36.887639954503896
1,21260517,139,B3_length,w20r,27.027027027027028
1,21260517,139,B4_ridge_hand,mae,1866.1027027027028
1,21260517,139,B4_ridge_hand,mape,17.408602948469323
1,21260517,139,B4_ridge_hand,w20r,67.02702702702703
1,21260517,139,B5_rf_hand,mae,1598.1405405405405
1,21260517,139,B5_rf_hand,mape,13.654166657480085
1,21260517,139,B5_rf_hand,w20r,75.67567567567568
1,21260517,139,B6_histgb_hand,mae,1576.8648648648648
1,21260517,139,B6_histgb_hand,mape,13.488277089452296
1,21260517,139,B6_histgb_hand,w20r,75.13513513513513
1,21260517,139,B7_ridge_tfidf,mae,1799.5027027027027
1,21260517,139,B7_ridge_tfidf,mape,16.655080045864334
1,21260517,139,B7_ridge_tfidf,w20r,67.02702702702703
1,21260517,139,B8_histgb_tfidf,mae,2002.118918918919
1,21260517,139,B8_histgb_tfidf,mape,18.365418981175942
1,21260517,139,B8_histgb_tfidf,w20r,66.48648648648648
1,21260517,139,TABF_heuristic,mae,2517.7567567567567
1,21260517,139,TABF_heuristic,mape,18.62567644708168
1,21260517,139,TABF_heuristic,w20r,64.86486486486487
1,21260517,139,TABF_gbt,mae,1581.5027027027027
1,21260517,139,TABF_gbt,mape,13.492344860498509
1,21260517,139,TABF_gbt,w20r,76.21621621621621
2,22260520,236,B1_uniform,mae,4547.5351351351355
2,22260520,236,B1_uniform,mape,53.447923334431955
2,22260520,236,B1_uniform,w20r,25.945945945945947
2,22260520,236,B2_type_only,mae,4707.394594594594
2,22260520,236,B2_type_only,mape,36.93706222992045
2,22260520,236,B2_type_only,w20r,28.64864864864865
2,22260520,236,B3_length,mae,3810.07027027027
2,22260520,236,B3_length,mape,37.79268805933905
2,22260520,236,B3_length,w20r,29.18918918918919
2,22260520,236,B4_ridge_hand,mae,1951.027027027027
2,22260520,236,B4_ridge_hand,mape,19.46890046544785
2,22260520,236,B4_ridge_hand,w20r,61.62162162162163
2,22260520,236,B5_rf_hand,mae,1646.5189189189189
2,22260520,236,B5_rf_hand,mape,15.852387412010335
2,22260520,236,B5_rf_hand,w20r,72.43243243243244
2,22260520,236,B6_histgb_hand,mae,1652.9837837837838
2,22260520,236,B6_histgb_hand,mape,15.98196026552512
2,22260520,236,B6_histgb_hand,w20r,71.35135135135135
2,22260520,236,B7_ridge_tfidf,mae,1890.1945945945945
2,22260520,236,B7_ridge_tfidf,mape,19.74053537209392
2,22260520,236,B7_ridge_tfidf,w20r,61.62162162162163
2,22260520,236,B8_histgb_tfidf,mae,1876.6810810810812
2,22260520,236,B8_histgb_tfidf,mape,18.61243499261924
2,22260520,236,B8_histgb_tfidf,w20r,65.94594594594595
2,22260520,236,TABF_heuristic,mae,2335.0864864864866
2,22260520,236,TABF_heuristic,mape,17.74490571652686
2,22260520,236,TABF_heuristic,w20r,65.94594594594595
2,22260520,236,TABF_gbt,mae,1648.0594594594595
2,22260520,236,TABF_gbt,mape,15.871739931905141
2,22260520,236,TABF_gbt,w20r,72.43243243243244
3,23260523,333,B1_uniform,mae,4520.6702702702705
3,23260523,333,B1_uniform,mape,52.67270855467271
3,23260523,333,B1_uniform,w20r,22.702702702702705
3,23260523,333,B2_type_only,mae,4673.637837837838
3,23260523,333,B2_type_only,mape,35.66786139078394
3,23260523,333,B2_type_only,w20r,28.64864864864865
3,23260523,333,B3_length,mae,3695.7351351351354
3,23260523,333,B3_length,mape,37.17142560670002
3,23260523,333,B3_length,w20r,34.5945945945946
3,23260523,333,B4_ridge_hand,mae,2016.7135135135136
3,23260523,333,B4_ridge_hand,mape,19.312498118851202
3,23260523,333,B4_ridge_hand,w20r,62.16216216216216
3,23260523,333,B5_rf_hand,mae,1790.5297297297298
3,23260523,333,B5_rf_hand,mape,15.833421057278912
3,23260523,333,B5_rf_hand,w20r,69.72972972972973
3,23260523,333,B6_histgb_hand,mae,1779.8864864864865
3,23260523,333,B6_histgb_hand,mape,15.790202747907092
3,23260523,333,B6_histgb_hand,w20r,70.27027027027027
3,23260523,333,B7_ridge_tfidf,mae,1902.664864864865
3,23260523,333,B7_ridge_tfidf,mape,18.247805179108948
3,23260523,333,B7_ridge_tfidf,w20r,62.70270270270271
3,23260523,333,B8_histgb_tfidf,mae,2101.827027027027
3,23260523,333,B8_histgb_tfidf,mape,19.589144812964744
3,23260523,333,B8_histgb_tfidf,w20r,61.08108108108108
3,23260523,333,TABF_heuristic,mae,2394.7081081081083
3,23260523,333,TABF_heuristic,mape,17.769632776808102
3,23260523,333,TABF_heuristic,w20r,64.32432432432432
3,23260523,333,TABF_gbt,mae,1797.4
3,23260523,333,TABF_gbt,mape,15.914903342439606
3,23260523,333,TABF_gbt,w20r,69.72972972972973
4,24260526,430,B1_uniform,mae,4918.167567567568
4,24260526,430,B1_uniform,mape,53.761791108235215
4,24260526,430,B1_uniform,w20r,23.243243243243246
4,24260526,430,B2_type_only,mae,5123.156756756757
4,24260526,430,B2_type_only,mape,36.8049904627763
4,24260526,430,B2_type_only,w20r,30.810810810810814
4,24260526,430,B3_length,mae,4014.0756756756755
4,24260526,430,B3_length,mape,36.954778938466234
4,24260526,430,B3_length,w20r,34.5945945945946
4,24260526,430,B4_ridge_hand,mae,2418.9189189189187
4,24260526,430,B4_ridge_hand,mape,22.287127106669736
4,24260526,430,B4_ridge_hand,w20r,52.43243243243243
4,24260526,430,B5_rf_hand,mae,2062.7405405405407
4,24260526,430,B5_rf_hand,mape,16.730442809013915
4,24260526,430,B5_rf_hand,w20r,65.4054054054054
4,24260526,430,B6_histgb_hand,mae,2037.9405405405405
4,24260526,430,B6_histgb_hand,mape,16.47273966603286
4,24260526,430,B6_histgb_hand,w20r,67.02702702702703
4,24260526,430,B7_ridge_tfidf,mae,2233.8756756756757
4,24260526,430,B7_ridge_tfidf,mape,19.33835530605984
4,24260526,430,B7_ridge_tfidf,w20r,60.0
4,24260526,430,B8_histgb_tfidf,mae,2516.3783783783783
4,24260526,430,B8_histgb_tfidf,mape,22.851501399163745
4,24260526,430,B8_histgb_tfidf,w20r,56.75675675675676
4,24260526,430,TABF_heuristic,mae,2799.67027027027
4,24260526,430,TABF_heuristic,mape,19.063174844209723
4,24260526,430,TABF_heuristic,w20r,64.86486486486487
4,24260526,430,TABF_gbt,mae,2044.535135135135
4,24260526,430,TABF_gbt,mape,16.490335810084485
4,24260526,430,TABF_gbt,w20r,65.94594594594595
