request_id,metric_name,result,ts
ed79d451-3657-4bc8-8f66-101d7d744e77,task_success_rate,1.0,2026-03-22 04:40:49
ed79d451-3657-4bc8-8f66-101d7d744e77,tool_selection_accuracy,,2026-03-22 04:40:49
ed79d451-3657-4bc8-8f66-101d7d744e77,parameter_correctness,,2026-03-22 04:40:49
ed79d451-3657-4bc8-8f66-101d7d744e77,step_efficiency,6.0,2026-03-22 04:40:49
ed79d451-3657-4bc8-8f66-101d7d744e77,safety_compliance,,2026-03-22 04:40:49
ed79d451-3657-4bc8-8f66-101d7d744e77,cost,,2026-03-22 04:40:49
ed79d451-3657-4bc8-8f66-101d7d744e77,latency,31366.0,2026-03-22 04:40:49
ed79d451-3657-4bc8-8f66-101d7d744e77,recovery_resilience,,2026-03-22 04:40:49
c087a24d-1b02-4b61-a0d4-50025cec609e,task_success_rate,0.0,2026-03-22 04:54:33
c087a24d-1b02-4b61-a0d4-50025cec609e,tool_selection_accuracy,,2026-03-22 04:54:33
c087a24d-1b02-4b61-a0d4-50025cec609e,parameter_correctness,,2026-03-22 04:54:33
c087a24d-1b02-4b61-a0d4-50025cec609e,step_efficiency,4.0,2026-03-22 04:54:33
c087a24d-1b02-4b61-a0d4-50025cec609e,safety_compliance,,2026-03-22 04:54:33
c087a24d-1b02-4b61-a0d4-50025cec609e,cost,,2026-03-22 04:54:33
c087a24d-1b02-4b61-a0d4-50025cec609e,latency,268327.0,2026-03-22 04:54:33
c087a24d-1b02-4b61-a0d4-50025cec609e,recovery_resilience,,2026-03-22 04:54:33
03349431-c7fa-4e5b-b3a0-fe3e7c7a8e5a,task_success_rate,1.0,2026-03-22 05:23:33
03349431-c7fa-4e5b-b3a0-fe3e7c7a8e5a,tool_selection_accuracy,,2026-03-22 05:23:33
03349431-c7fa-4e5b-b3a0-fe3e7c7a8e5a,parameter_correctness,,2026-03-22 05:23:33
03349431-c7fa-4e5b-b3a0-fe3e7c7a8e5a,step_efficiency,6.0,2026-03-22 05:23:33
03349431-c7fa-4e5b-b3a0-fe3e7c7a8e5a,safety_compliance,,2026-03-22 05:23:33
03349431-c7fa-4e5b-b3a0-fe3e7c7a8e5a,cost,,2026-03-22 05:23:33
03349431-c7fa-4e5b-b3a0-fe3e7c7a8e5a,latency,29734.0,2026-03-22 05:23:33
03349431-c7fa-4e5b-b3a0-fe3e7c7a8e5a,recovery_resilience,,2026-03-22 05:23:33
4bc6f5a0-5858-4c1e-aa9f-0e37bd966383,task_success_rate,0.0,2026-04-21 01:41:41
4bc6f5a0-5858-4c1e-aa9f-0e37bd966383,tool_selection_accuracy,,2026-04-21 01:41:41
4bc6f5a0-5858-4c1e-aa9f-0e37bd966383,parameter_correctness,,2026-04-21 01:41:41
4bc6f5a0-5858-4c1e-aa9f-0e37bd966383,step_efficiency,,2026-04-21 01:41:41
4bc6f5a0-5858-4c1e-aa9f-0e37bd966383,safety_compliance,,2026-04-21 01:41:41
4bc6f5a0-5858-4c1e-aa9f-0e37bd966383,cost,,2026-04-21 01:41:41
4bc6f5a0-5858-4c1e-aa9f-0e37bd966383,latency,4484.0,2026-04-21 01:41:41
4bc6f5a0-5858-4c1e-aa9f-0e37bd966383,recovery_resilience,,2026-04-21 01:41:41
164d4ad3-6371-4156-8faa-121287c74a8d,task_success_rate,1.0,2026-04-21 01:58:08
164d4ad3-6371-4156-8faa-121287c74a8d,tool_selection_accuracy,,2026-04-21 01:58:08
164d4ad3-6371-4156-8faa-121287c74a8d,parameter_correctness,,2026-04-21 01:58:08
164d4ad3-6371-4156-8faa-121287c74a8d,step_efficiency,4.0,2026-04-21 01:58:08
164d4ad3-6371-4156-8faa-121287c74a8d,safety_compliance,,2026-04-21 01:58:08
164d4ad3-6371-4156-8faa-121287c74a8d,cost,,2026-04-21 01:58:08
164d4ad3-6371-4156-8faa-121287c74a8d,latency,11516.0,2026-04-21 01:58:08
164d4ad3-6371-4156-8faa-121287c74a8d,recovery_resilience,,2026-04-21 01:58:08
21560b85-06df-4007-aa09-34a2f98b1f7c,task_success_rate,1.0,2026-04-21 01:59:20
21560b85-06df-4007-aa09-34a2f98b1f7c,tool_selection_accuracy,,2026-04-21 01:59:20
21560b85-06df-4007-aa09-34a2f98b1f7c,parameter_correctness,,2026-04-21 01:59:20
21560b85-06df-4007-aa09-34a2f98b1f7c,step_efficiency,2.0,2026-04-21 01:59:20
21560b85-06df-4007-aa09-34a2f98b1f7c,safety_compliance,,2026-04-21 01:59:20
21560b85-06df-4007-aa09-34a2f98b1f7c,cost,,2026-04-21 01:59:20
21560b85-06df-4007-aa09-34a2f98b1f7c,latency,7793.0,2026-04-21 01:59:20
21560b85-06df-4007-aa09-34a2f98b1f7c,recovery_resilience,,2026-04-21 01:59:20
69f8047b-9c02-461f-812f-323feaab990f,task_success_rate,1.0,2026-04-21 02:04:03
69f8047b-9c02-461f-812f-323feaab990f,tool_selection_accuracy,,2026-04-21 02:04:03
69f8047b-9c02-461f-812f-323feaab990f,parameter_correctness,,2026-04-21 02:04:03
69f8047b-9c02-461f-812f-323feaab990f,step_efficiency,6.0,2026-04-21 02:04:03
69f8047b-9c02-461f-812f-323feaab990f,safety_compliance,,2026-04-21 02:04:03
69f8047b-9c02-461f-812f-323feaab990f,cost,,2026-04-21 02:04:03
69f8047b-9c02-461f-812f-323feaab990f,latency,44488.0,2026-04-21 02:04:03
69f8047b-9c02-461f-812f-323feaab990f,recovery_resilience,,2026-04-21 02:04:03
8d86f56d-adc6-49ec-be2c-4835d059e873,task_success_rate,1.0,2026-04-21 04:11:43
8d86f56d-adc6-49ec-be2c-4835d059e873,tool_selection_accuracy,,2026-04-21 04:11:43
8d86f56d-adc6-49ec-be2c-4835d059e873,parameter_correctness,,2026-04-21 04:11:43
8d86f56d-adc6-49ec-be2c-4835d059e873,step_efficiency,8.0,2026-04-21 04:11:43
8d86f56d-adc6-49ec-be2c-4835d059e873,safety_compliance,,2026-04-21 04:11:43
8d86f56d-adc6-49ec-be2c-4835d059e873,cost,,2026-04-21 04:11:43
8d86f56d-adc6-49ec-be2c-4835d059e873,latency,80487.0,2026-04-21 04:11:43
8d86f56d-adc6-49ec-be2c-4835d059e873,recovery_resilience,,2026-04-21 04:11:43
cbfde320-88a9-43e8-ba29-5313903d977b,task_success_rate,1.0,2026-04-21 04:34:44
cbfde320-88a9-43e8-ba29-5313903d977b,tool_selection_accuracy,,2026-04-21 04:34:44
cbfde320-88a9-43e8-ba29-5313903d977b,parameter_correctness,,2026-04-21 04:34:44
cbfde320-88a9-43e8-ba29-5313903d977b,step_efficiency,6.0,2026-04-21 04:34:44
cbfde320-88a9-43e8-ba29-5313903d977b,safety_compliance,,2026-04-21 04:34:44
cbfde320-88a9-43e8-ba29-5313903d977b,cost,,2026-04-21 04:34:44
cbfde320-88a9-43e8-ba29-5313903d977b,latency,27078.0,2026-04-21 04:34:44
cbfde320-88a9-43e8-ba29-5313903d977b,recovery_resilience,,2026-04-21 04:34:44
c7595f98-4b21-4f78-bc68-397f95fa6167,task_success_rate,1.0,2026-04-21 04:52:58
c7595f98-4b21-4f78-bc68-397f95fa6167,tool_selection_accuracy,,2026-04-21 04:52:58
c7595f98-4b21-4f78-bc68-397f95fa6167,parameter_correctness,,2026-04-21 04:52:58
c7595f98-4b21-4f78-bc68-397f95fa6167,step_efficiency,6.0,2026-04-21 04:52:58
c7595f98-4b21-4f78-bc68-397f95fa6167,safety_compliance,,2026-04-21 04:52:58
c7595f98-4b21-4f78-bc68-397f95fa6167,cost,,2026-04-21 04:52:58
c7595f98-4b21-4f78-bc68-397f95fa6167,latency,43757.0,2026-04-21 04:52:58
c7595f98-4b21-4f78-bc68-397f95fa6167,recovery_resilience,,2026-04-21 04:52:58
f23476e6-c305-460f-ace6-42f667f03ded,task_success_rate,1.0,2026-03-14 00:17:39
f23476e6-c305-460f-ace6-42f667f03ded,latency,30790.0,2026-03-14 00:17:39
016c88ed-8f45-4f5f-9ae7-252b3f6a8fca,task_success_rate,1.0,2026-03-14 19:24:55
016c88ed-8f45-4f5f-9ae7-252b3f6a8fca,tool_selection_accuracy,,2026-03-14 19:24:55
016c88ed-8f45-4f5f-9ae7-252b3f6a8fca,parameter_correctness,,2026-03-14 19:24:55
016c88ed-8f45-4f5f-9ae7-252b3f6a8fca,step_efficiency,4.0,2026-03-14 19:24:55
016c88ed-8f45-4f5f-9ae7-252b3f6a8fca,safety_compliance,,2026-03-14 19:24:55
016c88ed-8f45-4f5f-9ae7-252b3f6a8fca,cost,,2026-03-14 19:24:55
016c88ed-8f45-4f5f-9ae7-252b3f6a8fca,latency,80253.0,2026-03-14 19:24:55
016c88ed-8f45-4f5f-9ae7-252b3f6a8fca,recovery_resilience,,2026-03-14 19:24:55
8d3865e8-e4e0-447c-8337-111810220d2f,task_success_rate,1.0,2026-03-14 19:28:55
8d3865e8-e4e0-447c-8337-111810220d2f,tool_selection_accuracy,,2026-03-14 19:28:55
8d3865e8-e4e0-447c-8337-111810220d2f,parameter_correctness,,2026-03-14 19:28:55
8d3865e8-e4e0-447c-8337-111810220d2f,step_efficiency,4.0,2026-03-14 19:28:55
8d3865e8-e4e0-447c-8337-111810220d2f,safety_compliance,,2026-03-14 19:28:55
8d3865e8-e4e0-447c-8337-111810220d2f,cost,,2026-03-14 19:28:55
8d3865e8-e4e0-447c-8337-111810220d2f,latency,74212.0,2026-03-14 19:28:55
8d3865e8-e4e0-447c-8337-111810220d2f,recovery_resilience,,2026-03-14 19:28:55
fad6d97b-ea2f-44f3-b290-4327fa2bf8e8,task_success_rate,1.0,2026-03-14 19:38:38
fad6d97b-ea2f-44f3-b290-4327fa2bf8e8,tool_selection_accuracy,,2026-03-14 19:38:38
fad6d97b-ea2f-44f3-b290-4327fa2bf8e8,parameter_correctness,,2026-03-14 19:38:38
fad6d97b-ea2f-44f3-b290-4327fa2bf8e8,step_efficiency,4.0,2026-03-14 19:38:38
fad6d97b-ea2f-44f3-b290-4327fa2bf8e8,safety_compliance,,2026-03-14 19:38:38
fad6d97b-ea2f-44f3-b290-4327fa2bf8e8,cost,,2026-03-14 19:38:38
fad6d97b-ea2f-44f3-b290-4327fa2bf8e8,latency,79276.0,2026-03-14 19:38:38
fad6d97b-ea2f-44f3-b290-4327fa2bf8e8,recovery_resilience,,2026-03-14 19:38:38
04ef1893-3418-4517-8600-7dbd270a105d,task_success_rate,1.0,2026-03-14 19:44:48
04ef1893-3418-4517-8600-7dbd270a105d,tool_selection_accuracy,,2026-03-14 19:44:48
04ef1893-3418-4517-8600-7dbd270a105d,parameter_correctness,,2026-03-14 19:44:48
04ef1893-3418-4517-8600-7dbd270a105d,step_efficiency,4.0,2026-03-14 19:44:48
04ef1893-3418-4517-8600-7dbd270a105d,safety_compliance,,2026-03-14 19:44:48
04ef1893-3418-4517-8600-7dbd270a105d,cost,,2026-03-14 19:44:48
04ef1893-3418-4517-8600-7dbd270a105d,latency,68424.0,2026-03-14 19:44:48
04ef1893-3418-4517-8600-7dbd270a105d,recovery_resilience,,2026-03-14 19:44:48
4e80274b-f238-4e5b-beb4-9c890e84c6d5,task_success_rate,1.0,2026-03-14 19:55:24
4e80274b-f238-4e5b-beb4-9c890e84c6d5,tool_selection_accuracy,,2026-03-14 19:55:24
4e80274b-f238-4e5b-beb4-9c890e84c6d5,parameter_correctness,,2026-03-14 19:55:24
4e80274b-f238-4e5b-beb4-9c890e84c6d5,step_efficiency,4.0,2026-03-14 19:55:24
4e80274b-f238-4e5b-beb4-9c890e84c6d5,safety_compliance,,2026-03-14 19:55:24
4e80274b-f238-4e5b-beb4-9c890e84c6d5,cost,,2026-03-14 19:55:24
4e80274b-f238-4e5b-beb4-9c890e84c6d5,latency,152277.0,2026-03-14 19:55:24
4e80274b-f238-4e5b-beb4-9c890e84c6d5,recovery_resilience,,2026-03-14 19:55:24
19a121af-7cff-4c9a-8df5-79b1fe417a27,task_success_rate,1.0,2026-03-14 20:06:27
19a121af-7cff-4c9a-8df5-79b1fe417a27,tool_selection_accuracy,,2026-03-14 20:06:27
19a121af-7cff-4c9a-8df5-79b1fe417a27,parameter_correctness,,2026-03-14 20:06:27
19a121af-7cff-4c9a-8df5-79b1fe417a27,step_efficiency,4.0,2026-03-14 20:06:27
19a121af-7cff-4c9a-8df5-79b1fe417a27,safety_compliance,,2026-03-14 20:06:27
19a121af-7cff-4c9a-8df5-79b1fe417a27,cost,,2026-03-14 20:06:27
19a121af-7cff-4c9a-8df5-79b1fe417a27,latency,145036.0,2026-03-14 20:06:27
19a121af-7cff-4c9a-8df5-79b1fe417a27,recovery_resilience,,2026-03-14 20:06:27
c8ec6e68-7d0b-4ca7-8427-cea76df92e01,task_success_rate,1.0,2026-03-14 20:13:19
c8ec6e68-7d0b-4ca7-8427-cea76df92e01,tool_selection_accuracy,,2026-03-14 20:13:19
c8ec6e68-7d0b-4ca7-8427-cea76df92e01,parameter_correctness,,2026-03-14 20:13:19
c8ec6e68-7d0b-4ca7-8427-cea76df92e01,step_efficiency,4.0,2026-03-14 20:13:19
c8ec6e68-7d0b-4ca7-8427-cea76df92e01,safety_compliance,,2026-03-14 20:13:19
c8ec6e68-7d0b-4ca7-8427-cea76df92e01,cost,,2026-03-14 20:13:19
c8ec6e68-7d0b-4ca7-8427-cea76df92e01,latency,105943.0,2026-03-14 20:13:19
c8ec6e68-7d0b-4ca7-8427-cea76df92e01,recovery_resilience,,2026-03-14 20:13:19
678a3604-5bf7-4868-9074-b1ba754fdeca,task_success_rate,1.0,2026-03-14 20:14:00
678a3604-5bf7-4868-9074-b1ba754fdeca,tool_selection_accuracy,,2026-03-14 20:14:00
678a3604-5bf7-4868-9074-b1ba754fdeca,parameter_correctness,,2026-03-14 20:14:00
678a3604-5bf7-4868-9074-b1ba754fdeca,step_efficiency,4.0,2026-03-14 20:14:00
678a3604-5bf7-4868-9074-b1ba754fdeca,safety_compliance,,2026-03-14 20:14:00
678a3604-5bf7-4868-9074-b1ba754fdeca,cost,,2026-03-14 20:14:00
678a3604-5bf7-4868-9074-b1ba754fdeca,latency,83954.0,2026-03-14 20:14:00
678a3604-5bf7-4868-9074-b1ba754fdeca,recovery_resilience,,2026-03-14 20:14:00
f578e0a1-a196-4f2b-a372-2f5835e55929,task_success_rate,1.0,2026-03-14 20:20:06
f578e0a1-a196-4f2b-a372-2f5835e55929,tool_selection_accuracy,,2026-03-14 20:20:06
f578e0a1-a196-4f2b-a372-2f5835e55929,parameter_correctness,,2026-03-14 20:20:06
f578e0a1-a196-4f2b-a372-2f5835e55929,step_efficiency,4.0,2026-03-14 20:20:06
f578e0a1-a196-4f2b-a372-2f5835e55929,safety_compliance,,2026-03-14 20:20:06
f578e0a1-a196-4f2b-a372-2f5835e55929,cost,,2026-03-14 20:20:06
f578e0a1-a196-4f2b-a372-2f5835e55929,latency,85488.0,2026-03-14 20:20:06
f578e0a1-a196-4f2b-a372-2f5835e55929,recovery_resilience,,2026-03-14 20:20:06
0d5c9361-0f1e-4bc3-94b4-86b2320442ef,task_success_rate,1.0,2026-03-14 04:27:52
0d5c9361-0f1e-4bc3-94b4-86b2320442ef,latency,20706.0,2026-03-14 04:27:52
cbd5e4e4-1ee6-4d84-abf9-d4107d009ef8,task_success_rate,1.0,2026-03-14 04:28:26
cbd5e4e4-1ee6-4d84-abf9-d4107d009ef8,latency,13801.0,2026-03-14 04:28:26
29a92185-cfac-4459-88d7-04c54061e91d,task_success_rate,1.0,2026-03-14 04:35:52
29a92185-cfac-4459-88d7-04c54061e91d,tool_selection_accuracy,,2026-03-14 04:35:52
29a92185-cfac-4459-88d7-04c54061e91d,parameter_correctness,,2026-03-14 04:35:52
29a92185-cfac-4459-88d7-04c54061e91d,step_efficiency,4.0,2026-03-14 04:35:52
29a92185-cfac-4459-88d7-04c54061e91d,safety_compliance,,2026-03-14 04:35:52
29a92185-cfac-4459-88d7-04c54061e91d,cost,,2026-03-14 04:35:52
29a92185-cfac-4459-88d7-04c54061e91d,latency,20349.0,2026-03-14 04:35:52
29a92185-cfac-4459-88d7-04c54061e91d,recovery_resilience,,2026-03-14 04:35:52
dc8867d5-e71e-40c4-9899-b5a72e038185,task_success_rate,1.0,2026-03-14 04:36:24
dc8867d5-e71e-40c4-9899-b5a72e038185,tool_selection_accuracy,,2026-03-14 04:36:24
dc8867d5-e71e-40c4-9899-b5a72e038185,parameter_correctness,,2026-03-14 04:36:24
dc8867d5-e71e-40c4-9899-b5a72e038185,step_efficiency,6.0,2026-03-14 04:36:24
dc8867d5-e71e-40c4-9899-b5a72e038185,safety_compliance,,2026-03-14 04:36:24
dc8867d5-e71e-40c4-9899-b5a72e038185,cost,,2026-03-14 04:36:24
dc8867d5-e71e-40c4-9899-b5a72e038185,latency,24006.0,2026-03-14 04:36:24
dc8867d5-e71e-40c4-9899-b5a72e038185,recovery_resilience,,2026-03-14 04:36:24
b268f03e-6a1e-4229-8e50-db924e4470e8,task_success_rate,1.0,2026-03-14 04:42:42
b268f03e-6a1e-4229-8e50-db924e4470e8,tool_selection_accuracy,,2026-03-14 04:42:42
b268f03e-6a1e-4229-8e50-db924e4470e8,parameter_correctness,,2026-03-14 04:42:42
b268f03e-6a1e-4229-8e50-db924e4470e8,step_efficiency,4.0,2026-03-14 04:42:42
b268f03e-6a1e-4229-8e50-db924e4470e8,safety_compliance,,2026-03-14 04:42:42
b268f03e-6a1e-4229-8e50-db924e4470e8,cost,,2026-03-14 04:42:42
b268f03e-6a1e-4229-8e50-db924e4470e8,latency,27289.0,2026-03-14 04:42:42
b268f03e-6a1e-4229-8e50-db924e4470e8,recovery_resilience,,2026-03-14 04:42:42
d1dccae4-2de7-4869-8acd-50c6a1927c40,task_success_rate,1.0,2026-03-14 16:29:24
d1dccae4-2de7-4869-8acd-50c6a1927c40,tool_selection_accuracy,,2026-03-14 16:29:24
d1dccae4-2de7-4869-8acd-50c6a1927c40,parameter_correctness,,2026-03-14 16:29:24
d1dccae4-2de7-4869-8acd-50c6a1927c40,step_efficiency,6.0,2026-03-14 16:29:24
d1dccae4-2de7-4869-8acd-50c6a1927c40,safety_compliance,,2026-03-14 16:29:24
d1dccae4-2de7-4869-8acd-50c6a1927c40,cost,,2026-03-14 16:29:24
d1dccae4-2de7-4869-8acd-50c6a1927c40,latency,32210.0,2026-03-14 16:29:24
d1dccae4-2de7-4869-8acd-50c6a1927c40,recovery_resilience,,2026-03-14 16:29:24
7da3e98f-6233-410f-8699-303f904c36b0,task_success_rate,1.0,2026-03-14 16:29:53
7da3e98f-6233-410f-8699-303f904c36b0,tool_selection_accuracy,,2026-03-14 16:29:53
7da3e98f-6233-410f-8699-303f904c36b0,parameter_correctness,,2026-03-14 16:29:53
7da3e98f-6233-410f-8699-303f904c36b0,step_efficiency,6.0,2026-03-14 16:29:53
7da3e98f-6233-410f-8699-303f904c36b0,safety_compliance,,2026-03-14 16:29:53
7da3e98f-6233-410f-8699-303f904c36b0,cost,,2026-03-14 16:29:53
7da3e98f-6233-410f-8699-303f904c36b0,latency,20139.0,2026-03-14 16:29:53
7da3e98f-6233-410f-8699-303f904c36b0,recovery_resilience,,2026-03-14 16:29:53
3fd1c288-1b7f-4c5f-9c61-e7cec2000a2b,task_success_rate,1.0,2026-03-14 16:40:05
3fd1c288-1b7f-4c5f-9c61-e7cec2000a2b,tool_selection_accuracy,,2026-03-14 16:40:05
3fd1c288-1b7f-4c5f-9c61-e7cec2000a2b,parameter_correctness,,2026-03-14 16:40:05
3fd1c288-1b7f-4c5f-9c61-e7cec2000a2b,step_efficiency,6.0,2026-03-14 16:40:05
3fd1c288-1b7f-4c5f-9c61-e7cec2000a2b,safety_compliance,,2026-03-14 16:40:05
3fd1c288-1b7f-4c5f-9c61-e7cec2000a2b,cost,,2026-03-14 16:40:05
3fd1c288-1b7f-4c5f-9c61-e7cec2000a2b,latency,30997.0,2026-03-14 16:40:05
3fd1c288-1b7f-4c5f-9c61-e7cec2000a2b,recovery_resilience,,2026-03-14 16:40:05
928a9084-f0ba-45e2-9c62-c6a560415f18,task_success_rate,1.0,2026-03-14 16:44:50
928a9084-f0ba-45e2-9c62-c6a560415f18,tool_selection_accuracy,,2026-03-14 16:44:50
928a9084-f0ba-45e2-9c62-c6a560415f18,parameter_correctness,,2026-03-14 16:44:50
928a9084-f0ba-45e2-9c62-c6a560415f18,step_efficiency,4.0,2026-03-14 16:44:50
928a9084-f0ba-45e2-9c62-c6a560415f18,safety_compliance,,2026-03-14 16:44:50
928a9084-f0ba-45e2-9c62-c6a560415f18,cost,,2026-03-14 16:44:50
928a9084-f0ba-45e2-9c62-c6a560415f18,latency,38311.0,2026-03-14 16:44:50
928a9084-f0ba-45e2-9c62-c6a560415f18,recovery_resilience,,2026-03-14 16:44:50
0a9cc249-c8f9-430b-8168-63dfd8e9484b,task_success_rate,1.0,2026-03-14 20:39:35
0a9cc249-c8f9-430b-8168-63dfd8e9484b,tool_selection_accuracy,,2026-03-14 20:39:35
0a9cc249-c8f9-430b-8168-63dfd8e9484b,parameter_correctness,,2026-03-14 20:39:35
0a9cc249-c8f9-430b-8168-63dfd8e9484b,step_efficiency,4.0,2026-03-14 20:39:35
0a9cc249-c8f9-430b-8168-63dfd8e9484b,safety_compliance,,2026-03-14 20:39:35
0a9cc249-c8f9-430b-8168-63dfd8e9484b,cost,,2026-03-14 20:39:35
0a9cc249-c8f9-430b-8168-63dfd8e9484b,latency,82182.0,2026-03-14 20:39:35
0a9cc249-c8f9-430b-8168-63dfd8e9484b,recovery_resilience,,2026-03-14 20:39:35
127bec15-c3fc-49ec-aeb7-a831d67ec558,task_success_rate,1.0,2026-03-14 20:45:18
127bec15-c3fc-49ec-aeb7-a831d67ec558,tool_selection_accuracy,,2026-03-14 20:45:18
127bec15-c3fc-49ec-aeb7-a831d67ec558,parameter_correctness,,2026-03-14 20:45:18
127bec15-c3fc-49ec-aeb7-a831d67ec558,step_efficiency,4.0,2026-03-14 20:45:18
127bec15-c3fc-49ec-aeb7-a831d67ec558,safety_compliance,,2026-03-14 20:45:18
127bec15-c3fc-49ec-aeb7-a831d67ec558,cost,,2026-03-14 20:45:18
127bec15-c3fc-49ec-aeb7-a831d67ec558,latency,63743.0,2026-03-14 20:45:18
127bec15-c3fc-49ec-aeb7-a831d67ec558,recovery_resilience,,2026-03-14 20:45:18
e6f770d2-a3d3-491b-8266-b495e1d699e1,task_success_rate,1.0,2026-03-14 20:51:03
e6f770d2-a3d3-491b-8266-b495e1d699e1,tool_selection_accuracy,,2026-03-14 20:51:03
e6f770d2-a3d3-491b-8266-b495e1d699e1,parameter_correctness,,2026-03-14 20:51:03
e6f770d2-a3d3-491b-8266-b495e1d699e1,step_efficiency,4.0,2026-03-14 20:51:03
e6f770d2-a3d3-491b-8266-b495e1d699e1,safety_compliance,,2026-03-14 20:51:03
e6f770d2-a3d3-491b-8266-b495e1d699e1,cost,,2026-03-14 20:51:03
e6f770d2-a3d3-491b-8266-b495e1d699e1,latency,15996.0,2026-03-14 20:51:03
e6f770d2-a3d3-491b-8266-b495e1d699e1,recovery_resilience,,2026-03-14 20:51:03
900089a4-b23d-471f-a3b8-f51016499bde,task_success_rate,1.0,2026-03-14 21:42:52
900089a4-b23d-471f-a3b8-f51016499bde,tool_selection_accuracy,,2026-03-14 21:42:52
900089a4-b23d-471f-a3b8-f51016499bde,parameter_correctness,,2026-03-14 21:42:52
900089a4-b23d-471f-a3b8-f51016499bde,step_efficiency,4.0,2026-03-14 21:42:52
900089a4-b23d-471f-a3b8-f51016499bde,safety_compliance,,2026-03-14 21:42:52
900089a4-b23d-471f-a3b8-f51016499bde,cost,,2026-03-14 21:42:52
900089a4-b23d-471f-a3b8-f51016499bde,latency,68164.0,2026-03-14 21:42:52
900089a4-b23d-471f-a3b8-f51016499bde,recovery_resilience,,2026-03-14 21:42:52
1aa406d6-703f-4966-a6fb-ed7fcc189b63,task_success_rate,1.0,2026-03-14 22:06:04
1aa406d6-703f-4966-a6fb-ed7fcc189b63,tool_selection_accuracy,,2026-03-14 22:06:04
1aa406d6-703f-4966-a6fb-ed7fcc189b63,parameter_correctness,,2026-03-14 22:06:04
1aa406d6-703f-4966-a6fb-ed7fcc189b63,step_efficiency,4.0,2026-03-14 22:06:04
1aa406d6-703f-4966-a6fb-ed7fcc189b63,safety_compliance,,2026-03-14 22:06:04
1aa406d6-703f-4966-a6fb-ed7fcc189b63,cost,,2026-03-14 22:06:04
1aa406d6-703f-4966-a6fb-ed7fcc189b63,latency,132798.0,2026-03-14 22:06:04
1aa406d6-703f-4966-a6fb-ed7fcc189b63,recovery_resilience,,2026-03-14 22:06:04
4a812d65-b18b-49d4-8299-677cfbff2bd6,task_success_rate,1.0,2026-05-01 00:19:21
4a812d65-b18b-49d4-8299-677cfbff2bd6,tool_selection_accuracy,,2026-05-01 00:19:21
4a812d65-b18b-49d4-8299-677cfbff2bd6,parameter_correctness,,2026-05-01 00:19:21
4a812d65-b18b-49d4-8299-677cfbff2bd6,step_efficiency,4.0,2026-05-01 00:19:21
4a812d65-b18b-49d4-8299-677cfbff2bd6,safety_compliance,,2026-05-01 00:19:21
4a812d65-b18b-49d4-8299-677cfbff2bd6,cost,31387.0,2026-05-01 00:19:21
4a812d65-b18b-49d4-8299-677cfbff2bd6,latency,76373.0,2026-05-01 00:19:21
4a812d65-b18b-49d4-8299-677cfbff2bd6,recovery_resilience,,2026-05-01 00:19:21
a5f10c56-08b7-463b-b860-3967f3bbdc5e,task_success_rate,1.0,2026-05-01 02:05:36
a5f10c56-08b7-463b-b860-3967f3bbdc5e,tool_selection_accuracy,,2026-05-01 02:05:36
a5f10c56-08b7-463b-b860-3967f3bbdc5e,parameter_correctness,,2026-05-01 02:05:36
a5f10c56-08b7-463b-b860-3967f3bbdc5e,step_efficiency,2.0,2026-05-01 02:05:36
a5f10c56-08b7-463b-b860-3967f3bbdc5e,safety_compliance,,2026-05-01 02:05:36
a5f10c56-08b7-463b-b860-3967f3bbdc5e,cost,4916.0,2026-05-01 02:05:36
a5f10c56-08b7-463b-b860-3967f3bbdc5e,latency,7955.0,2026-05-01 02:05:36
a5f10c56-08b7-463b-b860-3967f3bbdc5e,recovery_resilience,,2026-05-01 02:05:36
3db981c6-2790-4660-ab1c-1be43fac4406,task_success_rate,1.0,2026-05-01 02:06:22
3db981c6-2790-4660-ab1c-1be43fac4406,tool_selection_accuracy,,2026-05-01 02:06:22
3db981c6-2790-4660-ab1c-1be43fac4406,parameter_correctness,,2026-05-01 02:06:22
3db981c6-2790-4660-ab1c-1be43fac4406,step_efficiency,2.0,2026-05-01 02:06:22
3db981c6-2790-4660-ab1c-1be43fac4406,safety_compliance,,2026-05-01 02:06:22
3db981c6-2790-4660-ab1c-1be43fac4406,cost,4926.0,2026-05-01 02:06:22
3db981c6-2790-4660-ab1c-1be43fac4406,latency,8457.0,2026-05-01 02:06:22
3db981c6-2790-4660-ab1c-1be43fac4406,recovery_resilience,,2026-05-01 02:06:22
7dbe5875-a09a-4f90-b6e9-0e33b3b23321,task_success_rate,1.0,2026-05-01 02:09:31
7dbe5875-a09a-4f90-b6e9-0e33b3b23321,tool_selection_accuracy,,2026-05-01 02:09:31
7dbe5875-a09a-4f90-b6e9-0e33b3b23321,parameter_correctness,,2026-05-01 02:09:31
7dbe5875-a09a-4f90-b6e9-0e33b3b23321,step_efficiency,4.0,2026-05-01 02:09:31
7dbe5875-a09a-4f90-b6e9-0e33b3b23321,safety_compliance,,2026-05-01 02:09:31
7dbe5875-a09a-4f90-b6e9-0e33b3b23321,cost,35578.0,2026-05-01 02:09:31
7dbe5875-a09a-4f90-b6e9-0e33b3b23321,latency,91025.0,2026-05-01 02:09:31
7dbe5875-a09a-4f90-b6e9-0e33b3b23321,recovery_resilience,,2026-05-01 02:09:31
56033b5f-b01e-4a71-9483-d72c9fd78013,task_success_rate,1.0,2026-05-01 19:53:06
56033b5f-b01e-4a71-9483-d72c9fd78013,tool_selection_accuracy,,2026-05-01 19:53:06
56033b5f-b01e-4a71-9483-d72c9fd78013,parameter_correctness,,2026-05-01 19:53:06
56033b5f-b01e-4a71-9483-d72c9fd78013,step_efficiency,2.0,2026-05-01 19:53:06
56033b5f-b01e-4a71-9483-d72c9fd78013,safety_compliance,,2026-05-01 19:53:06
56033b5f-b01e-4a71-9483-d72c9fd78013,cost,15328.0,2026-05-01 19:53:06
56033b5f-b01e-4a71-9483-d72c9fd78013,latency,11777.0,2026-05-01 19:53:06
56033b5f-b01e-4a71-9483-d72c9fd78013,recovery_resilience,,2026-05-01 19:53:06
342926ff-35c2-40af-8019-f95997a14138,task_success_rate,1.0,2026-05-01 19:55:37
342926ff-35c2-40af-8019-f95997a14138,tool_selection_accuracy,,2026-05-01 19:55:37
342926ff-35c2-40af-8019-f95997a14138,parameter_correctness,,2026-05-01 19:55:37
342926ff-35c2-40af-8019-f95997a14138,step_efficiency,4.0,2026-05-01 19:55:37
342926ff-35c2-40af-8019-f95997a14138,safety_compliance,,2026-05-01 19:55:37
342926ff-35c2-40af-8019-f95997a14138,cost,50989.0,2026-05-01 19:55:37
342926ff-35c2-40af-8019-f95997a14138,latency,101607.0,2026-05-01 19:55:37
342926ff-35c2-40af-8019-f95997a14138,recovery_resilience,,2026-05-01 19:55:37
16cf82df-4c00-4983-9598-7ff836f14ded,task_success_rate,1.0,2026-05-01 22:52:55
16cf82df-4c00-4983-9598-7ff836f14ded,tool_selection_accuracy,,2026-05-01 22:52:55
16cf82df-4c00-4983-9598-7ff836f14ded,parameter_correctness,,2026-05-01 22:52:55
16cf82df-4c00-4983-9598-7ff836f14ded,step_efficiency,4.0,2026-05-01 22:52:55
16cf82df-4c00-4983-9598-7ff836f14ded,safety_compliance,,2026-05-01 22:52:55
16cf82df-4c00-4983-9598-7ff836f14ded,cost,8387.0,2026-05-01 22:52:55
16cf82df-4c00-4983-9598-7ff836f14ded,latency,17375.0,2026-05-01 22:52:55
16cf82df-4c00-4983-9598-7ff836f14ded,recovery_resilience,,2026-05-01 22:52:55
d4daf8aa-e6d1-418d-948e-f790883cfca7,task_success_rate,0.0,2026-05-17 16:31:54
d4daf8aa-e6d1-418d-948e-f790883cfca7,tool_selection_accuracy,,2026-05-17 16:31:54
d4daf8aa-e6d1-418d-948e-f790883cfca7,parameter_correctness,,2026-05-17 16:31:54
d4daf8aa-e6d1-418d-948e-f790883cfca7,step_efficiency,9.0,2026-05-17 16:31:54
d4daf8aa-e6d1-418d-948e-f790883cfca7,safety_compliance,,2026-05-17 16:31:54
d4daf8aa-e6d1-418d-948e-f790883cfca7,cost,28379.0,2026-05-17 16:31:54
d4daf8aa-e6d1-418d-948e-f790883cfca7,latency,8167.0,2026-05-17 16:31:54
d4daf8aa-e6d1-418d-948e-f790883cfca7,recovery_resilience,,2026-05-17 16:31:54
8ccbfe3d-abb2-4edb-8f41-744d4bcb4a94,task_success_rate,1.0,2026-05-17 16:34:42
8ccbfe3d-abb2-4edb-8f41-744d4bcb4a94,tool_selection_accuracy,,2026-05-17 16:34:42
8ccbfe3d-abb2-4edb-8f41-744d4bcb4a94,parameter_correctness,,2026-05-17 16:34:42
8ccbfe3d-abb2-4edb-8f41-744d4bcb4a94,step_efficiency,12.0,2026-05-17 16:34:42
8ccbfe3d-abb2-4edb-8f41-744d4bcb4a94,safety_compliance,,2026-05-17 16:34:42
8ccbfe3d-abb2-4edb-8f41-744d4bcb4a94,cost,25241.0,2026-05-17 16:34:42
8ccbfe3d-abb2-4edb-8f41-744d4bcb4a94,latency,33108.0,2026-05-17 16:34:42
8ccbfe3d-abb2-4edb-8f41-744d4bcb4a94,recovery_resilience,,2026-05-17 16:34:42
8e7ab74c-0a99-4bcb-9100-d36d77b09699,task_success_rate,1.0,2026-05-17 17:30:15
8e7ab74c-0a99-4bcb-9100-d36d77b09699,tool_selection_accuracy,,2026-05-17 17:30:15
8e7ab74c-0a99-4bcb-9100-d36d77b09699,parameter_correctness,,2026-05-17 17:30:15
8e7ab74c-0a99-4bcb-9100-d36d77b09699,step_efficiency,14.0,2026-05-17 17:30:15
8e7ab74c-0a99-4bcb-9100-d36d77b09699,safety_compliance,,2026-05-17 17:30:15
8e7ab74c-0a99-4bcb-9100-d36d77b09699,cost,33023.0,2026-05-17 17:30:15
8e7ab74c-0a99-4bcb-9100-d36d77b09699,latency,22153.0,2026-05-17 17:30:15
8e7ab74c-0a99-4bcb-9100-d36d77b09699,recovery_resilience,,2026-05-17 17:30:15
9e0130a1-4c6e-4476-8131-e8dc663084fc,task_success_rate,1.0,2026-05-17 17:31:37
9e0130a1-4c6e-4476-8131-e8dc663084fc,tool_selection_accuracy,,2026-05-17 17:31:37
9e0130a1-4c6e-4476-8131-e8dc663084fc,parameter_correctness,,2026-05-17 17:31:37
9e0130a1-4c6e-4476-8131-e8dc663084fc,step_efficiency,24.0,2026-05-17 17:31:37
9e0130a1-4c6e-4476-8131-e8dc663084fc,safety_compliance,,2026-05-17 17:31:37
9e0130a1-4c6e-4476-8131-e8dc663084fc,cost,68013.0,2026-05-17 17:31:37
9e0130a1-4c6e-4476-8131-e8dc663084fc,latency,46849.0,2026-05-17 17:31:37
9e0130a1-4c6e-4476-8131-e8dc663084fc,recovery_resilience,,2026-05-17 17:31:37
167058c5-efb6-4748-81c4-61b8b0949938,task_success_rate,1.0,2026-05-17 22:48:21
167058c5-efb6-4748-81c4-61b8b0949938,tool_selection_accuracy,,2026-05-17 22:48:21
167058c5-efb6-4748-81c4-61b8b0949938,parameter_correctness,,2026-05-17 22:48:21
167058c5-efb6-4748-81c4-61b8b0949938,step_efficiency,14.0,2026-05-17 22:48:21
167058c5-efb6-4748-81c4-61b8b0949938,safety_compliance,,2026-05-17 22:48:21
167058c5-efb6-4748-81c4-61b8b0949938,cost,26681.0,2026-05-17 22:48:21
167058c5-efb6-4748-81c4-61b8b0949938,latency,34738.0,2026-05-17 22:48:21
167058c5-efb6-4748-81c4-61b8b0949938,recovery_resilience,,2026-05-17 22:48:21
f3a4efa6-2905-4321-963f-9fb63b50a0ba,task_success_rate,1.0,2026-05-17 23:38:59
f3a4efa6-2905-4321-963f-9fb63b50a0ba,tool_selection_accuracy,,2026-05-17 23:38:59
f3a4efa6-2905-4321-963f-9fb63b50a0ba,parameter_correctness,,2026-05-17 23:38:59
f3a4efa6-2905-4321-963f-9fb63b50a0ba,step_efficiency,16.0,2026-05-17 23:38:59
f3a4efa6-2905-4321-963f-9fb63b50a0ba,safety_compliance,,2026-05-17 23:38:59
f3a4efa6-2905-4321-963f-9fb63b50a0ba,cost,38341.0,2026-05-17 23:38:59
f3a4efa6-2905-4321-963f-9fb63b50a0ba,latency,47342.0,2026-05-17 23:38:59
f3a4efa6-2905-4321-963f-9fb63b50a0ba,recovery_resilience,,2026-05-17 23:38:59
1e7d8d6c-053b-4c48-91f7-ea9919c1336a,task_success_rate,1.0,2026-05-17 23:39:59
1e7d8d6c-053b-4c48-91f7-ea9919c1336a,tool_selection_accuracy,,2026-05-17 23:39:59
1e7d8d6c-053b-4c48-91f7-ea9919c1336a,parameter_correctness,,2026-05-17 23:39:59
1e7d8d6c-053b-4c48-91f7-ea9919c1336a,step_efficiency,20.0,2026-05-17 23:39:59
1e7d8d6c-053b-4c48-91f7-ea9919c1336a,safety_compliance,,2026-05-17 23:39:59
1e7d8d6c-053b-4c48-91f7-ea9919c1336a,cost,57035.0,2026-05-17 23:39:59
1e7d8d6c-053b-4c48-91f7-ea9919c1336a,latency,22535.0,2026-05-17 23:39:59
1e7d8d6c-053b-4c48-91f7-ea9919c1336a,recovery_resilience,,2026-05-17 23:39:59
071c868e-1187-4dff-97d1-452f6cf67b11,task_success_rate,1.0,2026-05-17 23:50:24
071c868e-1187-4dff-97d1-452f6cf67b11,tool_selection_accuracy,,2026-05-17 23:50:24
071c868e-1187-4dff-97d1-452f6cf67b11,parameter_correctness,,2026-05-17 23:50:24
071c868e-1187-4dff-97d1-452f6cf67b11,step_efficiency,6.0,2026-05-17 23:50:24
071c868e-1187-4dff-97d1-452f6cf67b11,safety_compliance,,2026-05-17 23:50:24
071c868e-1187-4dff-97d1-452f6cf67b11,cost,18448.0,2026-05-17 23:50:24
071c868e-1187-4dff-97d1-452f6cf67b11,latency,32596.0,2026-05-17 23:50:24
071c868e-1187-4dff-97d1-452f6cf67b11,recovery_resilience,,2026-05-17 23:50:24
931ddc66-bccc-458a-8c84-4393fee33dca,task_success_rate,1.0,2026-05-17 23:51:03
931ddc66-bccc-458a-8c84-4393fee33dca,tool_selection_accuracy,,2026-05-17 23:51:03
931ddc66-bccc-458a-8c84-4393fee33dca,parameter_correctness,,2026-05-17 23:51:03
931ddc66-bccc-458a-8c84-4393fee33dca,step_efficiency,10.0,2026-05-17 23:51:03
931ddc66-bccc-458a-8c84-4393fee33dca,safety_compliance,,2026-05-17 23:51:03
931ddc66-bccc-458a-8c84-4393fee33dca,cost,35205.0,2026-05-17 23:51:03
931ddc66-bccc-458a-8c84-4393fee33dca,latency,24922.0,2026-05-17 23:51:03
931ddc66-bccc-458a-8c84-4393fee33dca,recovery_resilience,,2026-05-17 23:51:03
8b66a3ee-8125-43d0-8092-61dd6e31df5a,task_success_rate,1.0,2026-05-17 23:54:03
8b66a3ee-8125-43d0-8092-61dd6e31df5a,tool_selection_accuracy,,2026-05-17 23:54:03
8b66a3ee-8125-43d0-8092-61dd6e31df5a,parameter_correctness,,2026-05-17 23:54:03
8b66a3ee-8125-43d0-8092-61dd6e31df5a,step_efficiency,14.0,2026-05-17 23:54:03
8b66a3ee-8125-43d0-8092-61dd6e31df5a,safety_compliance,,2026-05-17 23:54:03
8b66a3ee-8125-43d0-8092-61dd6e31df5a,cost,30316.0,2026-05-17 23:54:03
8b66a3ee-8125-43d0-8092-61dd6e31df5a,latency,37473.0,2026-05-17 23:54:03
8b66a3ee-8125-43d0-8092-61dd6e31df5a,recovery_resilience,,2026-05-17 23:54:03
341907f4-fe04-4ba0-affb-17f33284c8ed,task_success_rate,1.0,2026-05-17 23:55:06
341907f4-fe04-4ba0-affb-17f33284c8ed,tool_selection_accuracy,,2026-05-17 23:55:06
341907f4-fe04-4ba0-affb-17f33284c8ed,parameter_correctness,,2026-05-17 23:55:06
341907f4-fe04-4ba0-affb-17f33284c8ed,step_efficiency,18.0,2026-05-17 23:55:06
341907f4-fe04-4ba0-affb-17f33284c8ed,safety_compliance,,2026-05-17 23:55:06
341907f4-fe04-4ba0-affb-17f33284c8ed,cost,46426.0,2026-05-17 23:55:06
341907f4-fe04-4ba0-affb-17f33284c8ed,latency,23052.0,2026-05-17 23:55:06
341907f4-fe04-4ba0-affb-17f33284c8ed,recovery_resilience,,2026-05-17 23:55:06
f4327d83-72da-4a4b-a357-793754da84dd,task_success_rate,1.0,2026-05-17 23:55:52
f4327d83-72da-4a4b-a357-793754da84dd,tool_selection_accuracy,,2026-05-17 23:55:52
f4327d83-72da-4a4b-a357-793754da84dd,parameter_correctness,,2026-05-17 23:55:52
f4327d83-72da-4a4b-a357-793754da84dd,step_efficiency,22.0,2026-05-17 23:55:52
f4327d83-72da-4a4b-a357-793754da84dd,safety_compliance,,2026-05-17 23:55:52
f4327d83-72da-4a4b-a357-793754da84dd,cost,67292.0,2026-05-17 23:55:52
f4327d83-72da-4a4b-a357-793754da84dd,latency,26404.0,2026-05-17 23:55:52
f4327d83-72da-4a4b-a357-793754da84dd,recovery_resilience,,2026-05-17 23:55:52
0a512918-31b9-4279-ac84-149f0fe666f5,task_success_rate,1.0,2026-03-17 01:15:33
0a512918-31b9-4279-ac84-149f0fe666f5,tool_selection_accuracy,,2026-03-17 01:15:33
0a512918-31b9-4279-ac84-149f0fe666f5,parameter_correctness,,2026-03-17 01:15:33
0a512918-31b9-4279-ac84-149f0fe666f5,step_efficiency,4.0,2026-03-17 01:15:33
0a512918-31b9-4279-ac84-149f0fe666f5,safety_compliance,,2026-03-17 01:15:33
0a512918-31b9-4279-ac84-149f0fe666f5,cost,,2026-03-17 01:15:33
0a512918-31b9-4279-ac84-149f0fe666f5,latency,82517.0,2026-03-17 01:15:33
0a512918-31b9-4279-ac84-149f0fe666f5,recovery_resilience,,2026-03-17 01:15:33
f3812ab1-0e04-460f-b877-d038813ba294,task_success_rate,1.0,2026-03-17 01:25:51
f3812ab1-0e04-460f-b877-d038813ba294,tool_selection_accuracy,,2026-03-17 01:25:51
f3812ab1-0e04-460f-b877-d038813ba294,parameter_correctness,,2026-03-17 01:25:51
f3812ab1-0e04-460f-b877-d038813ba294,step_efficiency,4.0,2026-03-17 01:25:51
f3812ab1-0e04-460f-b877-d038813ba294,safety_compliance,,2026-03-17 01:25:51
f3812ab1-0e04-460f-b877-d038813ba294,cost,,2026-03-17 01:25:51
f3812ab1-0e04-460f-b877-d038813ba294,latency,72723.0,2026-03-17 01:25:51
f3812ab1-0e04-460f-b877-d038813ba294,recovery_resilience,,2026-03-17 01:25:51
7b2114b3-052e-46f3-89b9-137b1e74e2ec,task_success_rate,1.0,2026-03-17 01:34:33
7b2114b3-052e-46f3-89b9-137b1e74e2ec,tool_selection_accuracy,,2026-03-17 01:34:33
7b2114b3-052e-46f3-89b9-137b1e74e2ec,parameter_correctness,,2026-03-17 01:34:33
7b2114b3-052e-46f3-89b9-137b1e74e2ec,step_efficiency,4.0,2026-03-17 01:34:33
7b2114b3-052e-46f3-89b9-137b1e74e2ec,safety_compliance,,2026-03-17 01:34:33
7b2114b3-052e-46f3-89b9-137b1e74e2ec,cost,,2026-03-17 01:34:33
7b2114b3-052e-46f3-89b9-137b1e74e2ec,latency,78865.0,2026-03-17 01:34:33
7b2114b3-052e-46f3-89b9-137b1e74e2ec,recovery_resilience,,2026-03-17 01:34:33
b87f5cd2-f1d5-44be-ae8a-30ed696e00cb,task_success_rate,1.0,2026-05-15 17:08:21
b87f5cd2-f1d5-44be-ae8a-30ed696e00cb,tool_selection_accuracy,,2026-05-15 17:08:21
b87f5cd2-f1d5-44be-ae8a-30ed696e00cb,parameter_correctness,,2026-05-15 17:08:21
b87f5cd2-f1d5-44be-ae8a-30ed696e00cb,step_efficiency,4.0,2026-05-15 17:08:21
b87f5cd2-f1d5-44be-ae8a-30ed696e00cb,safety_compliance,,2026-05-15 17:08:21
b87f5cd2-f1d5-44be-ae8a-30ed696e00cb,cost,9517.0,2026-05-15 17:08:21
b87f5cd2-f1d5-44be-ae8a-30ed696e00cb,latency,18762.0,2026-05-15 17:08:21
b87f5cd2-f1d5-44be-ae8a-30ed696e00cb,recovery_resilience,,2026-05-15 17:08:21
af939faa-d642-488e-9113-cac49ebb8b19,task_success_rate,1.0,2026-05-15 18:24:00
af939faa-d642-488e-9113-cac49ebb8b19,tool_selection_accuracy,,2026-05-15 18:24:00
af939faa-d642-488e-9113-cac49ebb8b19,parameter_correctness,,2026-05-15 18:24:00
af939faa-d642-488e-9113-cac49ebb8b19,step_efficiency,4.0,2026-05-15 18:24:00
af939faa-d642-488e-9113-cac49ebb8b19,safety_compliance,,2026-05-15 18:24:00
af939faa-d642-488e-9113-cac49ebb8b19,cost,9454.0,2026-05-15 18:24:00
af939faa-d642-488e-9113-cac49ebb8b19,latency,15895.0,2026-05-15 18:24:00
af939faa-d642-488e-9113-cac49ebb8b19,recovery_resilience,,2026-05-15 18:24:00
cd0cc7f3-cdb7-4412-9d87-ea42885c8aec,task_success_rate,1.0,2026-05-15 18:24:32
cd0cc7f3-cdb7-4412-9d87-ea42885c8aec,tool_selection_accuracy,,2026-05-15 18:24:32
cd0cc7f3-cdb7-4412-9d87-ea42885c8aec,parameter_correctness,,2026-05-15 18:24:32
cd0cc7f3-cdb7-4412-9d87-ea42885c8aec,step_efficiency,6.0,2026-05-15 18:24:32
cd0cc7f3-cdb7-4412-9d87-ea42885c8aec,safety_compliance,,2026-05-15 18:24:32
cd0cc7f3-cdb7-4412-9d87-ea42885c8aec,cost,14726.0,2026-05-15 18:24:32
cd0cc7f3-cdb7-4412-9d87-ea42885c8aec,latency,26281.0,2026-05-15 18:24:32
cd0cc7f3-cdb7-4412-9d87-ea42885c8aec,recovery_resilience,,2026-05-15 18:24:32
562b16ab-60bb-43fd-88e9-587ed04d9c2b,task_success_rate,1.0,2026-05-15 18:25:04
562b16ab-60bb-43fd-88e9-587ed04d9c2b,tool_selection_accuracy,,2026-05-15 18:25:04
562b16ab-60bb-43fd-88e9-587ed04d9c2b,parameter_correctness,,2026-05-15 18:25:04
562b16ab-60bb-43fd-88e9-587ed04d9c2b,step_efficiency,6.0,2026-05-15 18:25:04
562b16ab-60bb-43fd-88e9-587ed04d9c2b,safety_compliance,,2026-05-15 18:25:04
562b16ab-60bb-43fd-88e9-587ed04d9c2b,cost,15243.0,2026-05-15 18:25:04
562b16ab-60bb-43fd-88e9-587ed04d9c2b,latency,27363.0,2026-05-15 18:25:04
562b16ab-60bb-43fd-88e9-587ed04d9c2b,recovery_resilience,,2026-05-15 18:25:04
ea238a17-5f1e-4a3f-8500-f7a76bde001d,task_success_rate,1.0,2026-05-15 18:25:44
ea238a17-5f1e-4a3f-8500-f7a76bde001d,tool_selection_accuracy,,2026-05-15 18:25:44
ea238a17-5f1e-4a3f-8500-f7a76bde001d,parameter_correctness,,2026-05-15 18:25:44
ea238a17-5f1e-4a3f-8500-f7a76bde001d,step_efficiency,4.0,2026-05-15 18:25:44
ea238a17-5f1e-4a3f-8500-f7a76bde001d,safety_compliance,,2026-05-15 18:25:44
ea238a17-5f1e-4a3f-8500-f7a76bde001d,cost,9466.0,2026-05-15 18:25:44
ea238a17-5f1e-4a3f-8500-f7a76bde001d,latency,18751.0,2026-05-15 18:25:44
ea238a17-5f1e-4a3f-8500-f7a76bde001d,recovery_resilience,,2026-05-15 18:25:44
c952a106-60f9-4758-bd07-e056efc58206,task_success_rate,1.0,2026-05-15 18:26:12
c952a106-60f9-4758-bd07-e056efc58206,tool_selection_accuracy,,2026-05-15 18:26:12
c952a106-60f9-4758-bd07-e056efc58206,parameter_correctness,,2026-05-15 18:26:12
c952a106-60f9-4758-bd07-e056efc58206,step_efficiency,6.0,2026-05-15 18:26:12
c952a106-60f9-4758-bd07-e056efc58206,safety_compliance,,2026-05-15 18:26:12
c952a106-60f9-4758-bd07-e056efc58206,cost,14678.0,2026-05-15 18:26:12
c952a106-60f9-4758-bd07-e056efc58206,latency,22902.0,2026-05-15 18:26:12
c952a106-60f9-4758-bd07-e056efc58206,recovery_resilience,,2026-05-15 18:26:12
0513cdd6-bf62-4564-b93f-1074f9f22b12,task_success_rate,1.0,2026-05-15 18:26:53
0513cdd6-bf62-4564-b93f-1074f9f22b12,tool_selection_accuracy,,2026-05-15 18:26:53
0513cdd6-bf62-4564-b93f-1074f9f22b12,parameter_correctness,,2026-05-15 18:26:53
0513cdd6-bf62-4564-b93f-1074f9f22b12,step_efficiency,6.0,2026-05-15 18:26:53
0513cdd6-bf62-4564-b93f-1074f9f22b12,safety_compliance,,2026-05-15 18:26:53
0513cdd6-bf62-4564-b93f-1074f9f22b12,cost,14851.0,2026-05-15 18:26:53
0513cdd6-bf62-4564-b93f-1074f9f22b12,latency,37398.0,2026-05-15 18:26:53
0513cdd6-bf62-4564-b93f-1074f9f22b12,recovery_resilience,,2026-05-15 18:26:53
86ceac74-22cc-43ef-9f64-d60d9a582b26,task_success_rate,1.0,2026-05-15 18:54:16
86ceac74-22cc-43ef-9f64-d60d9a582b26,tool_selection_accuracy,,2026-05-15 18:54:16
86ceac74-22cc-43ef-9f64-d60d9a582b26,parameter_correctness,,2026-05-15 18:54:16
86ceac74-22cc-43ef-9f64-d60d9a582b26,step_efficiency,6.0,2026-05-15 18:54:16
86ceac74-22cc-43ef-9f64-d60d9a582b26,safety_compliance,,2026-05-15 18:54:16
86ceac74-22cc-43ef-9f64-d60d9a582b26,cost,15848.0,2026-05-15 18:54:16
86ceac74-22cc-43ef-9f64-d60d9a582b26,latency,27646.0,2026-05-15 18:54:16
86ceac74-22cc-43ef-9f64-d60d9a582b26,recovery_resilience,,2026-05-15 18:54:16
61f9b445-9453-4b3b-be31-fc53ddeedaae,task_success_rate,1.0,2026-05-15 18:55:18
61f9b445-9453-4b3b-be31-fc53ddeedaae,tool_selection_accuracy,,2026-05-15 18:55:18
61f9b445-9453-4b3b-be31-fc53ddeedaae,parameter_correctness,,2026-05-15 18:55:18
61f9b445-9453-4b3b-be31-fc53ddeedaae,step_efficiency,10.0,2026-05-15 18:55:18
61f9b445-9453-4b3b-be31-fc53ddeedaae,safety_compliance,,2026-05-15 18:55:18
61f9b445-9453-4b3b-be31-fc53ddeedaae,cost,39109.0,2026-05-15 18:55:18
61f9b445-9453-4b3b-be31-fc53ddeedaae,latency,57792.0,2026-05-15 18:55:18
61f9b445-9453-4b3b-be31-fc53ddeedaae,recovery_resilience,,2026-05-15 18:55:18
e3dbdc4c-3dec-456d-b992-4518d175789a,task_success_rate,0.0,2026-05-15 18:55:32
e3dbdc4c-3dec-456d-b992-4518d175789a,tool_selection_accuracy,,2026-05-15 18:55:32
e3dbdc4c-3dec-456d-b992-4518d175789a,parameter_correctness,,2026-05-15 18:55:32
e3dbdc4c-3dec-456d-b992-4518d175789a,step_efficiency,11.0,2026-05-15 18:55:32
e3dbdc4c-3dec-456d-b992-4518d175789a,safety_compliance,,2026-05-15 18:55:32
e3dbdc4c-3dec-456d-b992-4518d175789a,cost,50239.0,2026-05-15 18:55:32
e3dbdc4c-3dec-456d-b992-4518d175789a,latency,9792.0,2026-05-15 18:55:32
e3dbdc4c-3dec-456d-b992-4518d175789a,recovery_resilience,,2026-05-15 18:55:32
78f2f3b7-615f-44e7-90be-52d7ab6838bf,task_success_rate,0.0,2026-05-15 18:55:42
78f2f3b7-615f-44e7-90be-52d7ab6838bf,tool_selection_accuracy,,2026-05-15 18:55:42
78f2f3b7-615f-44e7-90be-52d7ab6838bf,parameter_correctness,,2026-05-15 18:55:42
78f2f3b7-615f-44e7-90be-52d7ab6838bf,step_efficiency,13.0,2026-05-15 18:55:42
78f2f3b7-615f-44e7-90be-52d7ab6838bf,safety_compliance,,2026-05-15 18:55:42
78f2f3b7-615f-44e7-90be-52d7ab6838bf,cost,61524.0,2026-05-15 18:55:42
78f2f3b7-615f-44e7-90be-52d7ab6838bf,latency,6307.0,2026-05-15 18:55:42
78f2f3b7-615f-44e7-90be-52d7ab6838bf,recovery_resilience,,2026-05-15 18:55:42
cb4efe9c-474d-41c3-8d92-92a90af0fef5,task_success_rate,0.0,2026-05-15 18:55:51
cb4efe9c-474d-41c3-8d92-92a90af0fef5,tool_selection_accuracy,,2026-05-15 18:55:51
cb4efe9c-474d-41c3-8d92-92a90af0fef5,parameter_correctness,,2026-05-15 18:55:51
cb4efe9c-474d-41c3-8d92-92a90af0fef5,step_efficiency,13.0,2026-05-15 18:55:51
cb4efe9c-474d-41c3-8d92-92a90af0fef5,safety_compliance,,2026-05-15 18:55:51
cb4efe9c-474d-41c3-8d92-92a90af0fef5,cost,61524.0,2026-05-15 18:55:51
cb4efe9c-474d-41c3-8d92-92a90af0fef5,latency,5150.0,2026-05-15 18:55:51
cb4efe9c-474d-41c3-8d92-92a90af0fef5,recovery_resilience,,2026-05-15 18:55:51
c58e1dbb-35e6-42d1-8c56-6b5062cecb6e,task_success_rate,1.0,2026-05-15 18:56:39
c58e1dbb-35e6-42d1-8c56-6b5062cecb6e,tool_selection_accuracy,,2026-05-15 18:56:39
c58e1dbb-35e6-42d1-8c56-6b5062cecb6e,parameter_correctness,,2026-05-15 18:56:39
c58e1dbb-35e6-42d1-8c56-6b5062cecb6e,step_efficiency,6.0,2026-05-15 18:56:39
c58e1dbb-35e6-42d1-8c56-6b5062cecb6e,safety_compliance,,2026-05-15 18:56:39
c58e1dbb-35e6-42d1-8c56-6b5062cecb6e,cost,13883.0,2026-05-15 18:56:39
c58e1dbb-35e6-42d1-8c56-6b5062cecb6e,latency,24282.0,2026-05-15 18:56:39
c58e1dbb-35e6-42d1-8c56-6b5062cecb6e,recovery_resilience,,2026-05-15 18:56:39
fb3f8063-7d4e-47f6-82a5-1dfcb5370aae,task_success_rate,1.0,2026-05-15 18:57:10
fb3f8063-7d4e-47f6-82a5-1dfcb5370aae,tool_selection_accuracy,,2026-05-15 18:57:10
fb3f8063-7d4e-47f6-82a5-1dfcb5370aae,parameter_correctness,,2026-05-15 18:57:10
fb3f8063-7d4e-47f6-82a5-1dfcb5370aae,step_efficiency,10.0,2026-05-15 18:57:10
fb3f8063-7d4e-47f6-82a5-1dfcb5370aae,safety_compliance,,2026-05-15 18:57:10
fb3f8063-7d4e-47f6-82a5-1dfcb5370aae,cost,24322.0,2026-05-15 18:57:10
fb3f8063-7d4e-47f6-82a5-1dfcb5370aae,latency,26750.0,2026-05-15 18:57:10
fb3f8063-7d4e-47f6-82a5-1dfcb5370aae,recovery_resilience,,2026-05-15 18:57:10
def7e0e0-fd35-4ecc-8b41-e7e3fdca1b1d,task_success_rate,1.0,2026-05-15 18:57:30
def7e0e0-fd35-4ecc-8b41-e7e3fdca1b1d,tool_selection_accuracy,,2026-05-15 18:57:30
def7e0e0-fd35-4ecc-8b41-e7e3fdca1b1d,parameter_correctness,,2026-05-15 18:57:30
def7e0e0-fd35-4ecc-8b41-e7e3fdca1b1d,step_efficiency,12.0,2026-05-15 18:57:30
def7e0e0-fd35-4ecc-8b41-e7e3fdca1b1d,safety_compliance,,2026-05-15 18:57:30
def7e0e0-fd35-4ecc-8b41-e7e3fdca1b1d,cost,30954.0,2026-05-15 18:57:30
def7e0e0-fd35-4ecc-8b41-e7e3fdca1b1d,latency,16688.0,2026-05-15 18:57:30
def7e0e0-fd35-4ecc-8b41-e7e3fdca1b1d,recovery_resilience,,2026-05-15 18:57:30
8aa0d04a-0aa0-41e9-ba32-caa029ba7ba2,task_success_rate,1.0,2026-05-15 18:58:13
8aa0d04a-0aa0-41e9-ba32-caa029ba7ba2,tool_selection_accuracy,,2026-05-15 18:58:13
8aa0d04a-0aa0-41e9-ba32-caa029ba7ba2,parameter_correctness,,2026-05-15 18:58:13
8aa0d04a-0aa0-41e9-ba32-caa029ba7ba2,step_efficiency,32.0,2026-05-15 18:58:13
8aa0d04a-0aa0-41e9-ba32-caa029ba7ba2,safety_compliance,,2026-05-15 18:58:13
8aa0d04a-0aa0-41e9-ba32-caa029ba7ba2,cost,68202.0,2026-05-15 18:58:13
8aa0d04a-0aa0-41e9-ba32-caa029ba7ba2,latency,39918.0,2026-05-15 18:58:13
8aa0d04a-0aa0-41e9-ba32-caa029ba7ba2,recovery_resilience,,2026-05-15 18:58:13
d34a30d9-c617-4e0e-8b89-201236644b99,task_success_rate,1.0,2026-05-15 18:58:32
d34a30d9-c617-4e0e-8b89-201236644b99,tool_selection_accuracy,,2026-05-15 18:58:32
d34a30d9-c617-4e0e-8b89-201236644b99,parameter_correctness,,2026-05-15 18:58:32
d34a30d9-c617-4e0e-8b89-201236644b99,step_efficiency,34.0,2026-05-15 18:58:32
d34a30d9-c617-4e0e-8b89-201236644b99,safety_compliance,,2026-05-15 18:58:32
d34a30d9-c617-4e0e-8b89-201236644b99,cost,73523.0,2026-05-15 18:58:32
d34a30d9-c617-4e0e-8b89-201236644b99,latency,14828.0,2026-05-15 18:58:32
d34a30d9-c617-4e0e-8b89-201236644b99,recovery_resilience,,2026-05-15 18:58:32
7b40529c-c061-4850-bf95-2154e7903cd2,task_success_rate,1.0,2026-05-16 00:55:17
7b40529c-c061-4850-bf95-2154e7903cd2,tool_selection_accuracy,,2026-05-16 00:55:17
7b40529c-c061-4850-bf95-2154e7903cd2,parameter_correctness,,2026-05-16 00:55:17
7b40529c-c061-4850-bf95-2154e7903cd2,step_efficiency,6.0,2026-05-16 00:55:17
7b40529c-c061-4850-bf95-2154e7903cd2,safety_compliance,,2026-05-16 00:55:17
7b40529c-c061-4850-bf95-2154e7903cd2,cost,17312.0,2026-05-16 00:55:17
7b40529c-c061-4850-bf95-2154e7903cd2,latency,31686.0,2026-05-16 00:55:17
7b40529c-c061-4850-bf95-2154e7903cd2,recovery_resilience,,2026-05-16 00:55:17
870772f1-dec4-4121-8cc3-84fb1c33fa88,task_success_rate,1.0,2026-05-16 00:56:25
870772f1-dec4-4121-8cc3-84fb1c33fa88,tool_selection_accuracy,,2026-05-16 00:56:25
870772f1-dec4-4121-8cc3-84fb1c33fa88,parameter_correctness,,2026-05-16 00:56:25
870772f1-dec4-4121-8cc3-84fb1c33fa88,step_efficiency,10.0,2026-05-16 00:56:25
870772f1-dec4-4121-8cc3-84fb1c33fa88,safety_compliance,,2026-05-16 00:56:25
870772f1-dec4-4121-8cc3-84fb1c33fa88,cost,44593.0,2026-05-16 00:56:25
870772f1-dec4-4121-8cc3-84fb1c33fa88,latency,61280.0,2026-05-16 00:56:25
870772f1-dec4-4121-8cc3-84fb1c33fa88,recovery_resilience,,2026-05-16 00:56:25
02630e74-be1e-4b6b-bc98-f227542c8618,task_success_rate,0.0,2026-05-16 00:56:38
02630e74-be1e-4b6b-bc98-f227542c8618,tool_selection_accuracy,,2026-05-16 00:56:38
02630e74-be1e-4b6b-bc98-f227542c8618,parameter_correctness,,2026-05-16 00:56:38
02630e74-be1e-4b6b-bc98-f227542c8618,step_efficiency,11.0,2026-05-16 00:56:38
02630e74-be1e-4b6b-bc98-f227542c8618,safety_compliance,,2026-05-16 00:56:38
02630e74-be1e-4b6b-bc98-f227542c8618,cost,57513.0,2026-05-16 00:56:38
02630e74-be1e-4b6b-bc98-f227542c8618,latency,8999.0,2026-05-16 00:56:38
02630e74-be1e-4b6b-bc98-f227542c8618,recovery_resilience,,2026-05-16 00:56:38
a4e54de9-d356-4e0b-8f6d-d4e3e6476501,task_success_rate,0.0,2026-05-16 00:57:08
a4e54de9-d356-4e0b-8f6d-d4e3e6476501,tool_selection_accuracy,,2026-05-16 00:57:08
a4e54de9-d356-4e0b-8f6d-d4e3e6476501,parameter_correctness,,2026-05-16 00:57:08
a4e54de9-d356-4e0b-8f6d-d4e3e6476501,step_efficiency,11.0,2026-05-16 00:57:08
a4e54de9-d356-4e0b-8f6d-d4e3e6476501,safety_compliance,,2026-05-16 00:57:08
a4e54de9-d356-4e0b-8f6d-d4e3e6476501,cost,20848.0,2026-05-16 00:57:08
a4e54de9-d356-4e0b-8f6d-d4e3e6476501,latency,25627.0,2026-05-16 00:57:08
a4e54de9-d356-4e0b-8f6d-d4e3e6476501,recovery_resilience,,2026-05-16 00:57:08
21e9fa3c-5de3-45a4-ba3a-80cc4de161ce,task_success_rate,0.0,2026-05-16 00:57:18
21e9fa3c-5de3-45a4-ba3a-80cc4de161ce,tool_selection_accuracy,,2026-05-16 00:57:18
21e9fa3c-5de3-45a4-ba3a-80cc4de161ce,parameter_correctness,,2026-05-16 00:57:18
21e9fa3c-5de3-45a4-ba3a-80cc4de161ce,step_efficiency,13.0,2026-05-16 00:57:18
21e9fa3c-5de3-45a4-ba3a-80cc4de161ce,safety_compliance,,2026-05-16 00:57:18
21e9fa3c-5de3-45a4-ba3a-80cc4de161ce,cost,24913.0,2026-05-16 00:57:18
21e9fa3c-5de3-45a4-ba3a-80cc4de161ce,latency,6014.0,2026-05-16 00:57:18
21e9fa3c-5de3-45a4-ba3a-80cc4de161ce,recovery_resilience,,2026-05-16 00:57:18
546be0fa-91ef-4120-93dd-91eabfd99c50,task_success_rate,0.0,2026-05-16 00:57:27
546be0fa-91ef-4120-93dd-91eabfd99c50,tool_selection_accuracy,,2026-05-16 00:57:27
546be0fa-91ef-4120-93dd-91eabfd99c50,parameter_correctness,,2026-05-16 00:57:27
546be0fa-91ef-4120-93dd-91eabfd99c50,step_efficiency,13.0,2026-05-16 00:57:27
546be0fa-91ef-4120-93dd-91eabfd99c50,safety_compliance,,2026-05-16 00:57:27
546be0fa-91ef-4120-93dd-91eabfd99c50,cost,24913.0,2026-05-16 00:57:27
546be0fa-91ef-4120-93dd-91eabfd99c50,latency,4759.0,2026-05-16 00:57:27
546be0fa-91ef-4120-93dd-91eabfd99c50,recovery_resilience,,2026-05-16 00:57:27
e6b60707-a43b-4f59-abbe-1562f169006a,task_success_rate,0.0,2026-05-16 00:58:12
e6b60707-a43b-4f59-abbe-1562f169006a,tool_selection_accuracy,,2026-05-16 00:58:12
e6b60707-a43b-4f59-abbe-1562f169006a,parameter_correctness,,2026-05-16 00:58:12
e6b60707-a43b-4f59-abbe-1562f169006a,step_efficiency,4.0,2026-05-16 00:58:12
e6b60707-a43b-4f59-abbe-1562f169006a,safety_compliance,,2026-05-16 00:58:12
e6b60707-a43b-4f59-abbe-1562f169006a,cost,6412.0,2026-05-16 00:58:12
e6b60707-a43b-4f59-abbe-1562f169006a,latency,20351.0,2026-05-16 00:58:12
e6b60707-a43b-4f59-abbe-1562f169006a,recovery_resilience,,2026-05-16 00:58:12
ec5365c4-decc-4117-891c-610504fd8e63,task_success_rate,0.0,2026-05-16 00:58:25
ec5365c4-decc-4117-891c-610504fd8e63,tool_selection_accuracy,,2026-05-16 00:58:25
ec5365c4-decc-4117-891c-610504fd8e63,parameter_correctness,,2026-05-16 00:58:25
ec5365c4-decc-4117-891c-610504fd8e63,step_efficiency,4.0,2026-05-16 00:58:25
ec5365c4-decc-4117-891c-610504fd8e63,safety_compliance,,2026-05-16 00:58:25
ec5365c4-decc-4117-891c-610504fd8e63,cost,6412.0,2026-05-16 00:58:25
ec5365c4-decc-4117-891c-610504fd8e63,latency,8593.0,2026-05-16 00:58:25
ec5365c4-decc-4117-891c-610504fd8e63,recovery_resilience,,2026-05-16 00:58:25
8f23a843-e02e-4f3c-b4bf-032fe32642d4,task_success_rate,0.0,2026-05-16 00:58:31
8f23a843-e02e-4f3c-b4bf-032fe32642d4,tool_selection_accuracy,,2026-05-16 00:58:31
8f23a843-e02e-4f3c-b4bf-032fe32642d4,parameter_correctness,,2026-05-16 00:58:31
8f23a843-e02e-4f3c-b4bf-032fe32642d4,step_efficiency,4.0,2026-05-16 00:58:31
8f23a843-e02e-4f3c-b4bf-032fe32642d4,safety_compliance,,2026-05-16 00:58:31
8f23a843-e02e-4f3c-b4bf-032fe32642d4,cost,6412.0,2026-05-16 00:58:31
8f23a843-e02e-4f3c-b4bf-032fe32642d4,latency,3030.0,2026-05-16 00:58:31
8f23a843-e02e-4f3c-b4bf-032fe32642d4,recovery_resilience,,2026-05-16 00:58:31
8aa0718c-cdcd-49b5-b6c6-69f0cc23b161,task_success_rate,1.0,2026-05-16 01:06:19
8aa0718c-cdcd-49b5-b6c6-69f0cc23b161,tool_selection_accuracy,,2026-05-16 01:06:19
8aa0718c-cdcd-49b5-b6c6-69f0cc23b161,parameter_correctness,,2026-05-16 01:06:19
8aa0718c-cdcd-49b5-b6c6-69f0cc23b161,step_efficiency,8.0,2026-05-16 01:06:19
8aa0718c-cdcd-49b5-b6c6-69f0cc23b161,safety_compliance,,2026-05-16 01:06:19
8aa0718c-cdcd-49b5-b6c6-69f0cc23b161,cost,17598.0,2026-05-16 01:06:19
8aa0718c-cdcd-49b5-b6c6-69f0cc23b161,latency,401189.0,2026-05-16 01:06:19
8aa0718c-cdcd-49b5-b6c6-69f0cc23b161,recovery_resilience,,2026-05-16 01:06:19
51627e27-1b02-4e74-8624-87525c4ea4bc,task_success_rate,1.0,2026-05-16 01:06:49
51627e27-1b02-4e74-8624-87525c4ea4bc,tool_selection_accuracy,,2026-05-16 01:06:49
51627e27-1b02-4e74-8624-87525c4ea4bc,parameter_correctness,,2026-05-16 01:06:49
51627e27-1b02-4e74-8624-87525c4ea4bc,step_efficiency,18.0,2026-05-16 01:06:49
51627e27-1b02-4e74-8624-87525c4ea4bc,safety_compliance,,2026-05-16 01:06:49
51627e27-1b02-4e74-8624-87525c4ea4bc,cost,42846.0,2026-05-16 01:06:49
51627e27-1b02-4e74-8624-87525c4ea4bc,latency,25031.0,2026-05-16 01:06:49
51627e27-1b02-4e74-8624-87525c4ea4bc,recovery_resilience,,2026-05-16 01:06:49
80ef7706-40f7-4b14-98f3-4873ef2a5145,task_success_rate,1.0,2026-05-16 01:07:04
80ef7706-40f7-4b14-98f3-4873ef2a5145,tool_selection_accuracy,,2026-05-16 01:07:04
80ef7706-40f7-4b14-98f3-4873ef2a5145,parameter_correctness,,2026-05-16 01:07:04
80ef7706-40f7-4b14-98f3-4873ef2a5145,step_efficiency,20.0,2026-05-16 01:07:04
80ef7706-40f7-4b14-98f3-4873ef2a5145,safety_compliance,,2026-05-16 01:07:04
80ef7706-40f7-4b14-98f3-4873ef2a5145,cost,50225.0,2026-05-16 01:07:04
80ef7706-40f7-4b14-98f3-4873ef2a5145,latency,11139.0,2026-05-16 01:07:04
80ef7706-40f7-4b14-98f3-4873ef2a5145,recovery_resilience,,2026-05-16 01:07:04
805cd606-a104-4730-a77d-e7358c1aa8c6,task_success_rate,1.0,2026-05-16 05:48:06
805cd606-a104-4730-a77d-e7358c1aa8c6,tool_selection_accuracy,,2026-05-16 05:48:06
805cd606-a104-4730-a77d-e7358c1aa8c6,parameter_correctness,,2026-05-16 05:48:06
805cd606-a104-4730-a77d-e7358c1aa8c6,step_efficiency,6.0,2026-05-16 05:48:06
805cd606-a104-4730-a77d-e7358c1aa8c6,safety_compliance,,2026-05-16 05:48:06
805cd606-a104-4730-a77d-e7358c1aa8c6,cost,17253.0,2026-05-16 05:48:06
805cd606-a104-4730-a77d-e7358c1aa8c6,latency,27301.0,2026-05-16 05:48:06
805cd606-a104-4730-a77d-e7358c1aa8c6,recovery_resilience,,2026-05-16 05:48:06
279eba37-3d08-4b37-8113-c3fc443c5527,task_success_rate,1.0,2026-05-16 05:49:07
279eba37-3d08-4b37-8113-c3fc443c5527,tool_selection_accuracy,,2026-05-16 05:49:07
279eba37-3d08-4b37-8113-c3fc443c5527,parameter_correctness,,2026-05-16 05:49:07
279eba37-3d08-4b37-8113-c3fc443c5527,step_efficiency,10.0,2026-05-16 05:49:07
279eba37-3d08-4b37-8113-c3fc443c5527,safety_compliance,,2026-05-16 05:49:07
279eba37-3d08-4b37-8113-c3fc443c5527,cost,46650.0,2026-05-16 05:49:07
279eba37-3d08-4b37-8113-c3fc443c5527,latency,55140.0,2026-05-16 05:49:07
279eba37-3d08-4b37-8113-c3fc443c5527,recovery_resilience,,2026-05-16 05:49:07
433d170d-dfa8-4131-96df-ddc276766330,task_success_rate,0.0,2026-05-16 05:49:19
433d170d-dfa8-4131-96df-ddc276766330,tool_selection_accuracy,,2026-05-16 05:49:19
433d170d-dfa8-4131-96df-ddc276766330,parameter_correctness,,2026-05-16 05:49:19
433d170d-dfa8-4131-96df-ddc276766330,step_efficiency,11.0,2026-05-16 05:49:19
433d170d-dfa8-4131-96df-ddc276766330,safety_compliance,,2026-05-16 05:49:19
433d170d-dfa8-4131-96df-ddc276766330,cost,60601.0,2026-05-16 05:49:19
433d170d-dfa8-4131-96df-ddc276766330,latency,7814.0,2026-05-16 05:49:19
433d170d-dfa8-4131-96df-ddc276766330,recovery_resilience,,2026-05-16 05:49:19
a78b7552-d2d4-4719-89f8-ff26842f0c2c,task_success_rate,1.0,2026-05-16 05:49:46
a78b7552-d2d4-4719-89f8-ff26842f0c2c,tool_selection_accuracy,,2026-05-16 05:49:46
a78b7552-d2d4-4719-89f8-ff26842f0c2c,parameter_correctness,,2026-05-16 05:49:46
a78b7552-d2d4-4719-89f8-ff26842f0c2c,step_efficiency,8.0,2026-05-16 05:49:46
a78b7552-d2d4-4719-89f8-ff26842f0c2c,safety_compliance,,2026-05-16 05:49:46
a78b7552-d2d4-4719-89f8-ff26842f0c2c,cost,17534.0,2026-05-16 05:49:46
a78b7552-d2d4-4719-89f8-ff26842f0c2c,latency,23037.0,2026-05-16 05:49:46
a78b7552-d2d4-4719-89f8-ff26842f0c2c,recovery_resilience,,2026-05-16 05:49:46
cd120819-a399-4a79-bacb-7ba995653de4,task_success_rate,1.0,2026-05-16 05:50:10
cd120819-a399-4a79-bacb-7ba995653de4,tool_selection_accuracy,,2026-05-16 05:50:10
cd120819-a399-4a79-bacb-7ba995653de4,parameter_correctness,,2026-05-16 05:50:10
cd120819-a399-4a79-bacb-7ba995653de4,step_efficiency,14.0,2026-05-16 05:50:10
cd120819-a399-4a79-bacb-7ba995653de4,safety_compliance,,2026-05-16 05:50:10
cd120819-a399-4a79-bacb-7ba995653de4,cost,34532.0,2026-05-16 05:50:10
cd120819-a399-4a79-bacb-7ba995653de4,latency,19216.0,2026-05-16 05:50:10
cd120819-a399-4a79-bacb-7ba995653de4,recovery_resilience,,2026-05-16 05:50:10
66e9f9c8-c1a2-4cbc-8e80-81fd2d855321,task_success_rate,1.0,2026-05-16 05:50:29
66e9f9c8-c1a2-4cbc-8e80-81fd2d855321,tool_selection_accuracy,,2026-05-16 05:50:29
66e9f9c8-c1a2-4cbc-8e80-81fd2d855321,parameter_correctness,,2026-05-16 05:50:29
66e9f9c8-c1a2-4cbc-8e80-81fd2d855321,step_efficiency,16.0,2026-05-16 05:50:29
66e9f9c8-c1a2-4cbc-8e80-81fd2d855321,safety_compliance,,2026-05-16 05:50:29
66e9f9c8-c1a2-4cbc-8e80-81fd2d855321,cost,43841.0,2026-05-16 05:50:29
66e9f9c8-c1a2-4cbc-8e80-81fd2d855321,latency,15291.0,2026-05-16 05:50:29
66e9f9c8-c1a2-4cbc-8e80-81fd2d855321,recovery_resilience,,2026-05-16 05:50:29
4d04d662-3078-4e2c-9320-d5dc14d117de,task_success_rate,0.0,2026-05-16 05:51:10
4d04d662-3078-4e2c-9320-d5dc14d117de,tool_selection_accuracy,,2026-05-16 05:51:10
4d04d662-3078-4e2c-9320-d5dc14d117de,parameter_correctness,,2026-05-16 05:51:10
4d04d662-3078-4e2c-9320-d5dc14d117de,step_efficiency,4.0,2026-05-16 05:51:10
4d04d662-3078-4e2c-9320-d5dc14d117de,safety_compliance,,2026-05-16 05:51:10
4d04d662-3078-4e2c-9320-d5dc14d117de,cost,6412.0,2026-05-16 05:51:10
4d04d662-3078-4e2c-9320-d5dc14d117de,latency,15639.0,2026-05-16 05:51:10
4d04d662-3078-4e2c-9320-d5dc14d117de,recovery_resilience,,2026-05-16 05:51:10
bf453cf1-4353-46b4-8510-d97aa1797138,task_success_rate,0.0,2026-05-16 05:51:18
bf453cf1-4353-46b4-8510-d97aa1797138,tool_selection_accuracy,,2026-05-16 05:51:18
bf453cf1-4353-46b4-8510-d97aa1797138,parameter_correctness,,2026-05-16 05:51:18
bf453cf1-4353-46b4-8510-d97aa1797138,step_efficiency,4.0,2026-05-16 05:51:18
bf453cf1-4353-46b4-8510-d97aa1797138,safety_compliance,,2026-05-16 05:51:18
bf453cf1-4353-46b4-8510-d97aa1797138,cost,6412.0,2026-05-16 05:51:18
bf453cf1-4353-46b4-8510-d97aa1797138,latency,3055.0,2026-05-16 05:51:18
bf453cf1-4353-46b4-8510-d97aa1797138,recovery_resilience,,2026-05-16 05:51:18
31c21137-7aeb-44a7-9455-4f2baa9fb532,task_success_rate,0.0,2026-05-16 05:51:27
31c21137-7aeb-44a7-9455-4f2baa9fb532,tool_selection_accuracy,,2026-05-16 05:51:27
31c21137-7aeb-44a7-9455-4f2baa9fb532,parameter_correctness,,2026-05-16 05:51:27
31c21137-7aeb-44a7-9455-4f2baa9fb532,step_efficiency,4.0,2026-05-16 05:51:27
31c21137-7aeb-44a7-9455-4f2baa9fb532,safety_compliance,,2026-05-16 05:51:27
31c21137-7aeb-44a7-9455-4f2baa9fb532,cost,6412.0,2026-05-16 05:51:27
31c21137-7aeb-44a7-9455-4f2baa9fb532,latency,4877.0,2026-05-16 05:51:27
31c21137-7aeb-44a7-9455-4f2baa9fb532,recovery_resilience,,2026-05-16 05:51:27
37772da0-caf8-45bd-920c-0976f8186fee,task_success_rate,1.0,2026-05-16 05:51:59
37772da0-caf8-45bd-920c-0976f8186fee,tool_selection_accuracy,,2026-05-16 05:51:59
37772da0-caf8-45bd-920c-0976f8186fee,parameter_correctness,,2026-05-16 05:51:59
37772da0-caf8-45bd-920c-0976f8186fee,step_efficiency,12.0,2026-05-16 05:51:59
37772da0-caf8-45bd-920c-0976f8186fee,safety_compliance,,2026-05-16 05:51:59
37772da0-caf8-45bd-920c-0976f8186fee,cost,22120.0,2026-05-16 05:51:59
37772da0-caf8-45bd-920c-0976f8186fee,latency,27872.0,2026-05-16 05:51:59
37772da0-caf8-45bd-920c-0976f8186fee,recovery_resilience,,2026-05-16 05:51:59
1332a22d-49ab-438a-af54-3190094e143a,task_success_rate,1.0,2026-05-16 05:52:19
1332a22d-49ab-438a-af54-3190094e143a,tool_selection_accuracy,,2026-05-16 05:52:19
1332a22d-49ab-438a-af54-3190094e143a,parameter_correctness,,2026-05-16 05:52:19
1332a22d-49ab-438a-af54-3190094e143a,step_efficiency,16.0,2026-05-16 05:52:19
1332a22d-49ab-438a-af54-3190094e143a,safety_compliance,,2026-05-16 05:52:19
1332a22d-49ab-438a-af54-3190094e143a,cost,32900.0,2026-05-16 05:52:19
1332a22d-49ab-438a-af54-3190094e143a,latency,15676.0,2026-05-16 05:52:19
1332a22d-49ab-438a-af54-3190094e143a,recovery_resilience,,2026-05-16 05:52:19
1a4c9f1d-4353-42ea-95b1-9eb8c29bcac4,task_success_rate,1.0,2026-05-16 05:52:41
1a4c9f1d-4353-42ea-95b1-9eb8c29bcac4,tool_selection_accuracy,,2026-05-16 05:52:41
1a4c9f1d-4353-42ea-95b1-9eb8c29bcac4,parameter_correctness,,2026-05-16 05:52:41
1a4c9f1d-4353-42ea-95b1-9eb8c29bcac4,step_efficiency,18.0,2026-05-16 05:52:41
1a4c9f1d-4353-42ea-95b1-9eb8c29bcac4,safety_compliance,,2026-05-16 05:52:41
1a4c9f1d-4353-42ea-95b1-9eb8c29bcac4,cost,40796.0,2026-05-16 05:52:41
1a4c9f1d-4353-42ea-95b1-9eb8c29bcac4,latency,17890.0,2026-05-16 05:52:41
1a4c9f1d-4353-42ea-95b1-9eb8c29bcac4,recovery_resilience,,2026-05-16 05:52:41
90512643-f108-409d-9419-187a8be388b9,task_success_rate,1.0,2026-05-16 05:56:19
90512643-f108-409d-9419-187a8be388b9,tool_selection_accuracy,,2026-05-16 05:56:19
90512643-f108-409d-9419-187a8be388b9,parameter_correctness,,2026-05-16 05:56:19
90512643-f108-409d-9419-187a8be388b9,step_efficiency,6.0,2026-05-16 05:56:19
90512643-f108-409d-9419-187a8be388b9,safety_compliance,,2026-05-16 05:56:19
90512643-f108-409d-9419-187a8be388b9,cost,17336.0,2026-05-16 05:56:19
90512643-f108-409d-9419-187a8be388b9,latency,26602.0,2026-05-16 05:56:19
90512643-f108-409d-9419-187a8be388b9,recovery_resilience,,2026-05-16 05:56:19
19ed1eab-7353-4fea-96e9-ba102266736c,task_success_rate,1.0,2026-05-16 05:57:20
19ed1eab-7353-4fea-96e9-ba102266736c,tool_selection_accuracy,,2026-05-16 05:57:20
19ed1eab-7353-4fea-96e9-ba102266736c,parameter_correctness,,2026-05-16 05:57:20
19ed1eab-7353-4fea-96e9-ba102266736c,step_efficiency,10.0,2026-05-16 05:57:20
19ed1eab-7353-4fea-96e9-ba102266736c,safety_compliance,,2026-05-16 05:57:20
19ed1eab-7353-4fea-96e9-ba102266736c,cost,46775.0,2026-05-16 05:57:20
19ed1eab-7353-4fea-96e9-ba102266736c,latency,56621.0,2026-05-16 05:57:20
19ed1eab-7353-4fea-96e9-ba102266736c,recovery_resilience,,2026-05-16 05:57:20
36d0e603-06ca-42f7-b377-62746c84db5b,task_success_rate,0.0,2026-05-16 05:57:34
36d0e603-06ca-42f7-b377-62746c84db5b,tool_selection_accuracy,,2026-05-16 05:57:34
36d0e603-06ca-42f7-b377-62746c84db5b,parameter_correctness,,2026-05-16 05:57:34
36d0e603-06ca-42f7-b377-62746c84db5b,step_efficiency,11.0,2026-05-16 05:57:34
36d0e603-06ca-42f7-b377-62746c84db5b,safety_compliance,,2026-05-16 05:57:34
36d0e603-06ca-42f7-b377-62746c84db5b,cost,60741.0,2026-05-16 05:57:34
36d0e603-06ca-42f7-b377-62746c84db5b,latency,9152.0,2026-05-16 05:57:34
36d0e603-06ca-42f7-b377-62746c84db5b,recovery_resilience,,2026-05-16 05:57:34
a3958cfe-b09f-4163-8520-0b90c7ed5c50,task_success_rate,1.0,2026-05-16 05:58:07
a3958cfe-b09f-4163-8520-0b90c7ed5c50,tool_selection_accuracy,,2026-05-16 05:58:07
a3958cfe-b09f-4163-8520-0b90c7ed5c50,parameter_correctness,,2026-05-16 05:58:07
a3958cfe-b09f-4163-8520-0b90c7ed5c50,step_efficiency,6.0,2026-05-16 05:58:07
a3958cfe-b09f-4163-8520-0b90c7ed5c50,safety_compliance,,2026-05-16 05:58:07
a3958cfe-b09f-4163-8520-0b90c7ed5c50,cost,15874.0,2026-05-16 05:58:07
a3958cfe-b09f-4163-8520-0b90c7ed5c50,latency,27414.0,2026-05-16 05:58:07
a3958cfe-b09f-4163-8520-0b90c7ed5c50,recovery_resilience,,2026-05-16 05:58:07
84fd040e-b176-4444-bebe-b4fc96274f8d,task_success_rate,1.0,2026-05-16 06:00:46
84fd040e-b176-4444-bebe-b4fc96274f8d,tool_selection_accuracy,,2026-05-16 06:00:46
84fd040e-b176-4444-bebe-b4fc96274f8d,parameter_correctness,,2026-05-16 06:00:46
84fd040e-b176-4444-bebe-b4fc96274f8d,step_efficiency,4.0,2026-05-16 06:00:46
84fd040e-b176-4444-bebe-b4fc96274f8d,safety_compliance,,2026-05-16 06:00:46
84fd040e-b176-4444-bebe-b4fc96274f8d,cost,9868.0,2026-05-16 06:00:46
84fd040e-b176-4444-bebe-b4fc96274f8d,latency,18678.0,2026-05-16 06:00:46
84fd040e-b176-4444-bebe-b4fc96274f8d,recovery_resilience,,2026-05-16 06:00:46
2b3cd4da-6a02-4c2f-a220-ed18f22167ef,task_success_rate,1.0,2026-05-16 06:01:48
2b3cd4da-6a02-4c2f-a220-ed18f22167ef,tool_selection_accuracy,,2026-05-16 06:01:48
2b3cd4da-6a02-4c2f-a220-ed18f22167ef,parameter_correctness,,2026-05-16 06:01:48
2b3cd4da-6a02-4c2f-a220-ed18f22167ef,step_efficiency,8.0,2026-05-16 06:01:48
2b3cd4da-6a02-4c2f-a220-ed18f22167ef,safety_compliance,,2026-05-16 06:01:48
2b3cd4da-6a02-4c2f-a220-ed18f22167ef,cost,22157.0,2026-05-16 06:01:48
2b3cd4da-6a02-4c2f-a220-ed18f22167ef,latency,16871.0,2026-05-16 06:01:48
2b3cd4da-6a02-4c2f-a220-ed18f22167ef,recovery_resilience,,2026-05-16 06:01:48
2031181e-7dad-46f1-ad02-41d113f1e1d7,task_success_rate,0.0,2026-05-16 06:11:21
2031181e-7dad-46f1-ad02-41d113f1e1d7,tool_selection_accuracy,,2026-05-16 06:11:21
2031181e-7dad-46f1-ad02-41d113f1e1d7,parameter_correctness,,2026-05-16 06:11:21
2031181e-7dad-46f1-ad02-41d113f1e1d7,step_efficiency,4.0,2026-05-16 06:11:21
2031181e-7dad-46f1-ad02-41d113f1e1d7,safety_compliance,,2026-05-16 06:11:21
2031181e-7dad-46f1-ad02-41d113f1e1d7,cost,7234.0,2026-05-16 06:11:21
2031181e-7dad-46f1-ad02-41d113f1e1d7,latency,15868.0,2026-05-16 06:11:21
2031181e-7dad-46f1-ad02-41d113f1e1d7,recovery_resilience,,2026-05-16 06:11:21
52595bd7-f00e-4e93-ba7e-a4df566c7a1a,task_success_rate,0.0,2026-05-16 06:15:42
52595bd7-f00e-4e93-ba7e-a4df566c7a1a,tool_selection_accuracy,,2026-05-16 06:15:42
52595bd7-f00e-4e93-ba7e-a4df566c7a1a,parameter_correctness,,2026-05-16 06:15:42
52595bd7-f00e-4e93-ba7e-a4df566c7a1a,step_efficiency,4.0,2026-05-16 06:15:42
52595bd7-f00e-4e93-ba7e-a4df566c7a1a,safety_compliance,,2026-05-16 06:15:42
52595bd7-f00e-4e93-ba7e-a4df566c7a1a,cost,7248.0,2026-05-16 06:15:42
52595bd7-f00e-4e93-ba7e-a4df566c7a1a,latency,14416.0,2026-05-16 06:15:42
52595bd7-f00e-4e93-ba7e-a4df566c7a1a,recovery_resilience,,2026-05-16 06:15:42
9c0d8b1d-980c-4c58-a31a-9ff7795045ef,task_success_rate,1.0,2026-05-16 06:20:01
9c0d8b1d-980c-4c58-a31a-9ff7795045ef,tool_selection_accuracy,,2026-05-16 06:20:01
9c0d8b1d-980c-4c58-a31a-9ff7795045ef,parameter_correctness,,2026-05-16 06:20:01
9c0d8b1d-980c-4c58-a31a-9ff7795045ef,step_efficiency,6.0,2026-05-16 06:20:01
9c0d8b1d-980c-4c58-a31a-9ff7795045ef,safety_compliance,,2026-05-16 06:20:01
9c0d8b1d-980c-4c58-a31a-9ff7795045ef,cost,18266.0,2026-05-16 06:20:01
9c0d8b1d-980c-4c58-a31a-9ff7795045ef,latency,34652.0,2026-05-16 06:20:01
9c0d8b1d-980c-4c58-a31a-9ff7795045ef,recovery_resilience,,2026-05-16 06:20:01
9083743c-cfa0-435d-aa02-d20ecc0ca882,task_success_rate,1.0,2026-05-16 06:24:50
9083743c-cfa0-435d-aa02-d20ecc0ca882,tool_selection_accuracy,,2026-05-16 06:24:50
9083743c-cfa0-435d-aa02-d20ecc0ca882,parameter_correctness,,2026-05-16 06:24:50
9083743c-cfa0-435d-aa02-d20ecc0ca882,step_efficiency,10.0,2026-05-16 06:24:50
9083743c-cfa0-435d-aa02-d20ecc0ca882,safety_compliance,,2026-05-16 06:24:50
9083743c-cfa0-435d-aa02-d20ecc0ca882,cost,34102.0,2026-05-16 06:24:50
9083743c-cfa0-435d-aa02-d20ecc0ca882,latency,20888.0,2026-05-16 06:24:50
9083743c-cfa0-435d-aa02-d20ecc0ca882,recovery_resilience,,2026-05-16 06:24:50
760e1aa1-7af3-4200-964c-f498b69ce864,task_success_rate,1.0,2026-05-16 06:26:26
760e1aa1-7af3-4200-964c-f498b69ce864,tool_selection_accuracy,,2026-05-16 06:26:26
760e1aa1-7af3-4200-964c-f498b69ce864,parameter_correctness,,2026-05-16 06:26:26
760e1aa1-7af3-4200-964c-f498b69ce864,step_efficiency,14.0,2026-05-16 06:26:26
760e1aa1-7af3-4200-964c-f498b69ce864,safety_compliance,,2026-05-16 06:26:26
760e1aa1-7af3-4200-964c-f498b69ce864,cost,53365.0,2026-05-16 06:26:26
760e1aa1-7af3-4200-964c-f498b69ce864,latency,27147.0,2026-05-16 06:26:26
760e1aa1-7af3-4200-964c-f498b69ce864,recovery_resilience,,2026-05-16 06:26:26
648c8309-9600-4dcf-9465-e676806d6001,task_success_rate,1.0,2026-05-16 06:27:33
648c8309-9600-4dcf-9465-e676806d6001,tool_selection_accuracy,,2026-05-16 06:27:33
648c8309-9600-4dcf-9465-e676806d6001,parameter_correctness,,2026-05-16 06:27:33
648c8309-9600-4dcf-9465-e676806d6001,step_efficiency,18.0,2026-05-16 06:27:33
648c8309-9600-4dcf-9465-e676806d6001,safety_compliance,,2026-05-16 06:27:33
648c8309-9600-4dcf-9465-e676806d6001,cost,75455.0,2026-05-16 06:27:33
648c8309-9600-4dcf-9465-e676806d6001,latency,24441.0,2026-05-16 06:27:33
648c8309-9600-4dcf-9465-e676806d6001,recovery_resilience,,2026-05-16 06:27:33
81266852-c75d-49c7-9dd2-bc2c8cc69f75,task_success_rate,1.0,2026-05-16 06:29:05
81266852-c75d-49c7-9dd2-bc2c8cc69f75,tool_selection_accuracy,,2026-05-16 06:29:05
81266852-c75d-49c7-9dd2-bc2c8cc69f75,parameter_correctness,,2026-05-16 06:29:05
81266852-c75d-49c7-9dd2-bc2c8cc69f75,step_efficiency,22.0,2026-05-16 06:29:05
81266852-c75d-49c7-9dd2-bc2c8cc69f75,safety_compliance,,2026-05-16 06:29:05
81266852-c75d-49c7-9dd2-bc2c8cc69f75,cost,97096.0,2026-05-16 06:29:05
81266852-c75d-49c7-9dd2-bc2c8cc69f75,latency,27608.0,2026-05-16 06:29:05
81266852-c75d-49c7-9dd2-bc2c8cc69f75,recovery_resilience,,2026-05-16 06:29:05
c8ac47e2-c3a3-4933-8e23-aee3b804836b,task_success_rate,1.0,2026-05-16 15:53:09
c8ac47e2-c3a3-4933-8e23-aee3b804836b,tool_selection_accuracy,,2026-05-16 15:53:09
c8ac47e2-c3a3-4933-8e23-aee3b804836b,parameter_correctness,,2026-05-16 15:53:09
c8ac47e2-c3a3-4933-8e23-aee3b804836b,step_efficiency,4.0,2026-05-16 15:53:09
c8ac47e2-c3a3-4933-8e23-aee3b804836b,safety_compliance,,2026-05-16 15:53:09
c8ac47e2-c3a3-4933-8e23-aee3b804836b,cost,11823.0,2026-05-16 15:53:09
c8ac47e2-c3a3-4933-8e23-aee3b804836b,latency,22487.0,2026-05-16 15:53:09
c8ac47e2-c3a3-4933-8e23-aee3b804836b,recovery_resilience,,2026-05-16 15:53:09
3bcad9f8-e37a-403f-8fd4-7b8c1e6f09d9,task_success_rate,0.0,2026-05-16 16:30:49
3bcad9f8-e37a-403f-8fd4-7b8c1e6f09d9,tool_selection_accuracy,,2026-05-16 16:30:49
3bcad9f8-e37a-403f-8fd4-7b8c1e6f09d9,parameter_correctness,,2026-05-16 16:30:49
3bcad9f8-e37a-403f-8fd4-7b8c1e6f09d9,step_efficiency,7.0,2026-05-16 16:30:49
3bcad9f8-e37a-403f-8fd4-7b8c1e6f09d9,safety_compliance,,2026-05-16 16:30:49
3bcad9f8-e37a-403f-8fd4-7b8c1e6f09d9,cost,22357.0,2026-05-16 16:30:49
3bcad9f8-e37a-403f-8fd4-7b8c1e6f09d9,latency,2229380.0,2026-05-16 16:30:49
3bcad9f8-e37a-403f-8fd4-7b8c1e6f09d9,recovery_resilience,,2026-05-16 16:30:49
63e7b76a-635e-4cb1-be30-e88447587726,task_success_rate,1.0,2026-05-07 19:11:33
63e7b76a-635e-4cb1-be30-e88447587726,tool_selection_accuracy,,2026-05-07 19:11:33
63e7b76a-635e-4cb1-be30-e88447587726,parameter_correctness,,2026-05-07 19:11:33
63e7b76a-635e-4cb1-be30-e88447587726,step_efficiency,4.0,2026-05-07 19:11:33
63e7b76a-635e-4cb1-be30-e88447587726,safety_compliance,,2026-05-07 19:11:33
63e7b76a-635e-4cb1-be30-e88447587726,cost,8361.0,2026-05-07 19:11:33
63e7b76a-635e-4cb1-be30-e88447587726,latency,16293.0,2026-05-07 19:11:33
63e7b76a-635e-4cb1-be30-e88447587726,recovery_resilience,,2026-05-07 19:11:33
32789416-e34c-47a3-beb9-66e003820ee2,task_success_rate,1.0,2026-05-07 19:15:27
32789416-e34c-47a3-beb9-66e003820ee2,tool_selection_accuracy,,2026-05-07 19:15:27
32789416-e34c-47a3-beb9-66e003820ee2,parameter_correctness,,2026-05-07 19:15:27
32789416-e34c-47a3-beb9-66e003820ee2,step_efficiency,12.0,2026-05-07 19:15:27
32789416-e34c-47a3-beb9-66e003820ee2,safety_compliance,,2026-05-07 19:15:27
32789416-e34c-47a3-beb9-66e003820ee2,cost,24585.0,2026-05-07 19:15:27
32789416-e34c-47a3-beb9-66e003820ee2,latency,38018.0,2026-05-07 19:15:27
32789416-e34c-47a3-beb9-66e003820ee2,recovery_resilience,,2026-05-07 19:15:27
req-x,task_success_rate,1.0,2026-05-07 22:47:55
req-x,tool_selection_accuracy,,2026-05-07 22:47:55
req-x,parameter_correctness,,2026-05-07 22:47:55
req-x,step_efficiency,,2026-05-07 22:47:55
req-x,safety_compliance,,2026-05-07 22:47:55
req-x,cost,,2026-05-07 22:47:55
req-x,latency,0.0,2026-05-07 22:47:55
req-x,recovery_resilience,,2026-05-07 22:47:55
5aa3cd9c-c4f6-40de-bf1b-b0461c62dc37,task_success_rate,1.0,2026-05-07 22:50:07
5aa3cd9c-c4f6-40de-bf1b-b0461c62dc37,tool_selection_accuracy,,2026-05-07 22:50:07
5aa3cd9c-c4f6-40de-bf1b-b0461c62dc37,parameter_correctness,,2026-05-07 22:50:07
5aa3cd9c-c4f6-40de-bf1b-b0461c62dc37,step_efficiency,4.0,2026-05-07 22:50:07
5aa3cd9c-c4f6-40de-bf1b-b0461c62dc37,safety_compliance,,2026-05-07 22:50:07
5aa3cd9c-c4f6-40de-bf1b-b0461c62dc37,cost,8335.0,2026-05-07 22:50:07
5aa3cd9c-c4f6-40de-bf1b-b0461c62dc37,latency,32081.0,2026-05-07 22:50:07
5aa3cd9c-c4f6-40de-bf1b-b0461c62dc37,recovery_resilience,,2026-05-07 22:50:07
0e500bce-3884-47fe-b2f5-7ef41dff5bf3,task_success_rate,1.0,2026-03-16 18:48:57
0e500bce-3884-47fe-b2f5-7ef41dff5bf3,tool_selection_accuracy,,2026-03-16 18:48:57
0e500bce-3884-47fe-b2f5-7ef41dff5bf3,parameter_correctness,,2026-03-16 18:48:57
0e500bce-3884-47fe-b2f5-7ef41dff5bf3,step_efficiency,6.0,2026-03-16 18:48:57
0e500bce-3884-47fe-b2f5-7ef41dff5bf3,safety_compliance,,2026-03-16 18:48:57
0e500bce-3884-47fe-b2f5-7ef41dff5bf3,cost,,2026-03-16 18:48:57
0e500bce-3884-47fe-b2f5-7ef41dff5bf3,latency,33815.0,2026-03-16 18:48:57
0e500bce-3884-47fe-b2f5-7ef41dff5bf3,recovery_resilience,,2026-03-16 18:48:57
1e5acdb8-7966-4d87-a4c6-7e7bb58f351b,task_success_rate,1.0,2026-03-16 18:55:57
1e5acdb8-7966-4d87-a4c6-7e7bb58f351b,tool_selection_accuracy,,2026-03-16 18:55:57
1e5acdb8-7966-4d87-a4c6-7e7bb58f351b,parameter_correctness,,2026-03-16 18:55:57
1e5acdb8-7966-4d87-a4c6-7e7bb58f351b,step_efficiency,6.0,2026-03-16 18:55:57
1e5acdb8-7966-4d87-a4c6-7e7bb58f351b,safety_compliance,,2026-03-16 18:55:57
1e5acdb8-7966-4d87-a4c6-7e7bb58f351b,cost,,2026-03-16 18:55:57
1e5acdb8-7966-4d87-a4c6-7e7bb58f351b,latency,32258.0,2026-03-16 18:55:57
1e5acdb8-7966-4d87-a4c6-7e7bb58f351b,recovery_resilience,,2026-03-16 18:55:57
923cc51a-c281-4076-a980-5a4e84e5b316,task_success_rate,1.0,2026-03-16 19:08:47
923cc51a-c281-4076-a980-5a4e84e5b316,tool_selection_accuracy,,2026-03-16 19:08:47
923cc51a-c281-4076-a980-5a4e84e5b316,parameter_correctness,,2026-03-16 19:08:47
923cc51a-c281-4076-a980-5a4e84e5b316,step_efficiency,6.0,2026-03-16 19:08:47
923cc51a-c281-4076-a980-5a4e84e5b316,safety_compliance,,2026-03-16 19:08:47
923cc51a-c281-4076-a980-5a4e84e5b316,cost,,2026-03-16 19:08:47
923cc51a-c281-4076-a980-5a4e84e5b316,latency,51167.0,2026-03-16 19:08:47
923cc51a-c281-4076-a980-5a4e84e5b316,recovery_resilience,,2026-03-16 19:08:47
287a3a4d-0067-4a92-97f1-36c6e9e84988,task_success_rate,1.0,2026-05-08 01:28:42
287a3a4d-0067-4a92-97f1-36c6e9e84988,tool_selection_accuracy,,2026-05-08 01:28:42
287a3a4d-0067-4a92-97f1-36c6e9e84988,parameter_correctness,,2026-05-08 01:28:42
287a3a4d-0067-4a92-97f1-36c6e9e84988,step_efficiency,4.0,2026-05-08 01:28:42
287a3a4d-0067-4a92-97f1-36c6e9e84988,safety_compliance,,2026-05-08 01:28:42
287a3a4d-0067-4a92-97f1-36c6e9e84988,cost,9188.0,2026-05-08 01:28:42
287a3a4d-0067-4a92-97f1-36c6e9e84988,latency,18763.0,2026-05-08 01:28:42
287a3a4d-0067-4a92-97f1-36c6e9e84988,recovery_resilience,,2026-05-08 01:28:42
697146a3-9d3c-4051-9eea-9010b6ecfb5c,task_success_rate,1.0,2026-05-08 01:29:34
697146a3-9d3c-4051-9eea-9010b6ecfb5c,tool_selection_accuracy,,2026-05-08 01:29:34
697146a3-9d3c-4051-9eea-9010b6ecfb5c,parameter_correctness,,2026-05-08 01:29:34
697146a3-9d3c-4051-9eea-9010b6ecfb5c,step_efficiency,6.0,2026-05-08 01:29:34
697146a3-9d3c-4051-9eea-9010b6ecfb5c,safety_compliance,,2026-05-08 01:29:34
697146a3-9d3c-4051-9eea-9010b6ecfb5c,cost,16476.0,2026-05-08 01:29:34
697146a3-9d3c-4051-9eea-9010b6ecfb5c,latency,15377.0,2026-05-08 01:29:34
697146a3-9d3c-4051-9eea-9010b6ecfb5c,recovery_resilience,,2026-05-08 01:29:34
07d09001-7df3-4e28-8a14-a46ed7ce4206,task_success_rate,1.0,2026-05-08 01:32:43
07d09001-7df3-4e28-8a14-a46ed7ce4206,tool_selection_accuracy,,2026-05-08 01:32:43
07d09001-7df3-4e28-8a14-a46ed7ce4206,parameter_correctness,,2026-05-08 01:32:43
07d09001-7df3-4e28-8a14-a46ed7ce4206,step_efficiency,15.0,2026-05-08 01:32:43
07d09001-7df3-4e28-8a14-a46ed7ce4206,safety_compliance,,2026-05-08 01:32:43
07d09001-7df3-4e28-8a14-a46ed7ce4206,cost,31284.0,2026-05-08 01:32:43
07d09001-7df3-4e28-8a14-a46ed7ce4206,latency,50357.0,2026-05-08 01:32:43
07d09001-7df3-4e28-8a14-a46ed7ce4206,recovery_resilience,,2026-05-08 01:32:43
b2a318b2-3b50-4da1-bea2-a55604fb26ab,task_success_rate,1.0,2026-04-27 03:17:31
b2a318b2-3b50-4da1-bea2-a55604fb26ab,tool_selection_accuracy,,2026-04-27 03:17:31
b2a318b2-3b50-4da1-bea2-a55604fb26ab,parameter_correctness,,2026-04-27 03:17:31
b2a318b2-3b50-4da1-bea2-a55604fb26ab,step_efficiency,4.0,2026-04-27 03:17:31
b2a318b2-3b50-4da1-bea2-a55604fb26ab,safety_compliance,,2026-04-27 03:17:31
b2a318b2-3b50-4da1-bea2-a55604fb26ab,cost,,2026-04-27 03:17:31
b2a318b2-3b50-4da1-bea2-a55604fb26ab,latency,20598.0,2026-04-27 03:17:31
b2a318b2-3b50-4da1-bea2-a55604fb26ab,recovery_resilience,,2026-04-27 03:17:31
req-x,task_success_rate,1.0,2026-04-27 03:45:10
req-x,tool_selection_accuracy,,2026-04-27 03:45:10
req-x,parameter_correctness,,2026-04-27 03:45:10
req-x,step_efficiency,,2026-04-27 03:45:10
req-x,safety_compliance,,2026-04-27 03:45:10
req-x,cost,,2026-04-27 03:45:10
req-x,latency,0.0,2026-04-27 03:45:10
req-x,recovery_resilience,,2026-04-27 03:45:10
6fb8488f-dda1-48a9-af25-754591efd290,task_success_rate,1.0,2026-04-27 04:23:01
6fb8488f-dda1-48a9-af25-754591efd290,tool_selection_accuracy,,2026-04-27 04:23:01
6fb8488f-dda1-48a9-af25-754591efd290,parameter_correctness,,2026-04-27 04:23:01
6fb8488f-dda1-48a9-af25-754591efd290,step_efficiency,6.0,2026-04-27 04:23:01
6fb8488f-dda1-48a9-af25-754591efd290,safety_compliance,,2026-04-27 04:23:01
6fb8488f-dda1-48a9-af25-754591efd290,cost,,2026-04-27 04:23:01
6fb8488f-dda1-48a9-af25-754591efd290,latency,50266.0,2026-04-27 04:23:01
6fb8488f-dda1-48a9-af25-754591efd290,recovery_resilience,,2026-04-27 04:23:01
f3b9f39b-504e-4141-b676-fff52ecd544f,task_success_rate,1.0,2026-04-27 04:29:20
f3b9f39b-504e-4141-b676-fff52ecd544f,tool_selection_accuracy,,2026-04-27 04:29:20
f3b9f39b-504e-4141-b676-fff52ecd544f,parameter_correctness,,2026-04-27 04:29:20
f3b9f39b-504e-4141-b676-fff52ecd544f,step_efficiency,6.0,2026-04-27 04:29:20
f3b9f39b-504e-4141-b676-fff52ecd544f,safety_compliance,,2026-04-27 04:29:20
f3b9f39b-504e-4141-b676-fff52ecd544f,cost,21943.0,2026-04-27 04:29:20
f3b9f39b-504e-4141-b676-fff52ecd544f,latency,47956.0,2026-04-27 04:29:20
f3b9f39b-504e-4141-b676-fff52ecd544f,recovery_resilience,,2026-04-27 04:29:20
cc0620a5-fbde-4406-a896-c99f06b92c50,task_success_rate,1.0,2026-04-27 18:32:14
cc0620a5-fbde-4406-a896-c99f06b92c50,tool_selection_accuracy,,2026-04-27 18:32:14
cc0620a5-fbde-4406-a896-c99f06b92c50,parameter_correctness,,2026-04-27 18:32:14
cc0620a5-fbde-4406-a896-c99f06b92c50,step_efficiency,6.0,2026-04-27 18:32:14
cc0620a5-fbde-4406-a896-c99f06b92c50,safety_compliance,,2026-04-27 18:32:14
cc0620a5-fbde-4406-a896-c99f06b92c50,cost,23587.0,2026-04-27 18:32:14
cc0620a5-fbde-4406-a896-c99f06b92c50,latency,42993.0,2026-04-27 18:32:14
cc0620a5-fbde-4406-a896-c99f06b92c50,recovery_resilience,,2026-04-27 18:32:14
1a941296-9184-4302-aadd-449f910970dc,task_success_rate,1.0,2026-04-16 00:21:01
1a941296-9184-4302-aadd-449f910970dc,tool_selection_accuracy,,2026-04-16 00:21:01
1a941296-9184-4302-aadd-449f910970dc,parameter_correctness,,2026-04-16 00:21:01
1a941296-9184-4302-aadd-449f910970dc,step_efficiency,2.0,2026-04-16 00:21:01
1a941296-9184-4302-aadd-449f910970dc,safety_compliance,,2026-04-16 00:21:01
1a941296-9184-4302-aadd-449f910970dc,cost,,2026-04-16 00:21:01
1a941296-9184-4302-aadd-449f910970dc,latency,8950.0,2026-04-16 00:21:01
1a941296-9184-4302-aadd-449f910970dc,recovery_resilience,,2026-04-16 00:21:01
7716a6c2-1c4b-4e6e-a591-ba10cfff897b,task_success_rate,1.0,2026-04-16 18:29:01
7716a6c2-1c4b-4e6e-a591-ba10cfff897b,tool_selection_accuracy,,2026-04-16 18:29:01
7716a6c2-1c4b-4e6e-a591-ba10cfff897b,parameter_correctness,,2026-04-16 18:29:01
7716a6c2-1c4b-4e6e-a591-ba10cfff897b,step_efficiency,4.0,2026-04-16 18:29:01
7716a6c2-1c4b-4e6e-a591-ba10cfff897b,safety_compliance,,2026-04-16 18:29:01
7716a6c2-1c4b-4e6e-a591-ba10cfff897b,cost,,2026-04-16 18:29:01
7716a6c2-1c4b-4e6e-a591-ba10cfff897b,latency,35970.0,2026-04-16 18:29:01
7716a6c2-1c4b-4e6e-a591-ba10cfff897b,recovery_resilience,,2026-04-16 18:29:01
